episode,steps,X,Y,yaw,steer,throttle,action,reward,done,all_wheels_on_track,progress,closest_waypoint,track_len,tstamp,episode_status,pause_duration,obstacle_crash_counter
80,1.0,3.199963466872935,0.6831009464090655,0.13379302753103667,6.9,1.6,1,0.0,False,True,0.7918538739462142,1,17.709159380834848,282.327,prepare,0.0,0
80,2.0,3.199732793847639,0.6831032114197833,0.18326595495146542,0.5,2.0,2,0.9718049527182386,False,True,0.7905513581379274,1,17.709159380834848,282.389,in_progress,0.0,0
80,3.0,3.2098109128765757,0.6850361559610821,0.5621046489764985,0.5,2.0,2,0.9929674069389883,False,True,0.8474771589510898,1,17.709159380834848,282.458,in_progress,0.0,0
80,4.0,3.2336084810381633,0.6876206914140095,1.108071398658065,-5.7,1.7,7,0.9166100631542509,False,True,0.9818793490782218,1,17.709159380834848,282.527,in_progress,0.0,0
80,5.0,3.273752691304733,0.6907752657914789,1.6399266951353773,6.9,1.6,1,0.8409928449731918,False,True,1.208592503889045,1,17.709159380834848,282.595,in_progress,0.0,0
80,6.0,3.324987661229067,0.7000271683413446,3.410925335947498,-5.7,1.7,7,0.9590986806272073,False,True,1.4979855606450878,2,17.709159380834848,282.668,in_progress,0.0,0
80,7.0,3.395116485476539,0.7092780293613326,4.5012201750176954,-5.7,1.7,7,0.876679600356036,False,True,1.8938814589624204,2,17.709159380834848,282.732,in_progress,0.0,0
80,8.0,3.474695400803936,0.7149400187065224,4.323791427440483,-6.1,2.0,0,0.8500238028682707,False,True,2.343255404548643,3,17.709159380834848,282.795,in_progress,0.0,0
80,9.0,3.5749815905303524,0.7210553552111887,3.983908786627393,-5.7,1.7,7,0.8062240254613662,False,True,2.909589930872128,3,17.709159380834848,282.862,in_progress,0.0,0
80,10.0,3.6715910240703824,0.7225571507281391,2.8124359790355564,-10.8,2.0,8,0.9023063673686937,False,True,3.455122117487815,4,17.709159380834848,282.923,in_progress,0.0,0
80,11.0,3.7765458282923823,0.7193835062783265,1.0217515144013527,0.5,2.0,2,0.7657777759168984,False,True,4.047773685931192,5,17.709159380834848,282.99,in_progress,0.0,0
80,12.0,3.8942378069175936,0.7182561229614359,0.3757262410525829,-10.8,2.0,8,0.9818669085037459,False,True,4.712348715399582,6,17.709159380834848,283.058,in_progress,0.0,0
80,13.0,4.018518748358999,0.7164227796735605,-0.31549768880495316,8.1,2.0,3,0.7051058547237397,False,True,5.414134048079538,6,17.709159380834848,283.122,in_progress,0.0,0
80,14.0,4.150779759144796,0.7135699798815065,-0.6143047251291236,6.9,1.6,1,0.7679739367691493,False,True,6.160980335221291,7,17.709159380834848,283.198,in_progress,0.0,0
80,15.0,4.270098017289863,0.7261860090296027,2.31999815113314,0.5,2.0,2,0.7707744034547176,False,True,6.8347726942493665,8,17.709159380834848,283.261,in_progress,0.0,0
80,16.0,4.39519836411039,0.7524920114448488,6.662061438680854,-6.1,2.0,0,0.6673728374963528,False,True,7.541242129196496,9,17.709159380834848,283.324,in_progress,0.0,0
80,17.0,4.520687362537183,0.7828481621603356,9.77069462749667,-10.8,2.0,8,0.5340278805260935,False,True,8.249912197404473,10,17.709159380834848,283.393,in_progress,0.0,0
80,18.0,4.647285239401805,0.8146701268142926,11.769734704140353,-6.1,2.0,0,0.20212215774102416,False,True,8.964857187472223,11,17.709159380834848,283.462,in_progress,0.0,0
80,19.0,4.7704852299063765,0.8452889423033744,12.811896234630417,-5.7,1.7,7,0.01,False,True,9.660621432092054,11,17.709159380834848,283.526,in_progress,0.0,0
80,20.0,4.892121762521943,0.8794990963228834,14.213062222093225,30.0,1.4,11,0.01,False,True,10.347556922468277,12,17.709159380834848,283.599,in_progress,0.0,0
80,21.0,5.008529680369039,0.9150581316492181,15.384966972914736,0.3,2.0,6,0.01,False,True,11.004918989441673,13,17.709159380834848,283.658,in_progress,0.0,0
80,22.0,5.114272108760553,0.9518138300128697,16.872969534498452,14.4,2.0,10,0.01,False,True,11.602097938842608,14,17.709159380834848,283.729,in_progress,0.0,0
80,23.0,5.226321214125851,0.9985668536444866,19.490101068766265,30.0,1.4,11,0.01,False,True,12.234819865778862,14,17.709159380834848,283.799,in_progress,0.0,0
80,24.0,5.35090503400581,1.0693798453850163,24.685387074332613,8.1,2.0,3,0.01,False,False,12.938759274339409,15,17.709159380834848,283.861,in_progress,0.0,0
80,25.0,5.427957757650979,1.1202571365637313,27.72548219041686,-5.7,1.7,7,0.01,False,False,13.373989121328133,16,17.709159380834848,283.927,in_progress,0.0,0
80,26.0,5.53393667124958,1.1840337869466746,29.122148571066372,12.8,2.0,9,0.01,False,False,13.97545999613598,17,17.709159380834848,283.995,in_progress,0.0,0
80,27.0,5.63422311699364,1.2457807323939598,30.236678194352343,0.3,2.0,6,0.01,False,False,14.536595469754726,17,17.709159380834848,284.068,in_progress,0.0,0
80,28.0,5.732994822298681,1.322640244646594,33.653967118032504,8.1,2.0,3,0.01,True,False,15.094198374324577,18,17.709159380834848,284.131,off_track,0.0,0
81,1.0,4.085328121404565,0.6836974208922716,0.04530964235128401,-10.8,2.0,8,0.0,False,True,0.7913286795954981,7,17.709159380834848,284.259,prepare,0.0,0
81,2.0,4.085190493550247,0.6836132374880971,0.01993050474270704,6.9,1.6,1,0.9296973715912557,False,True,0.7905513581378719,7,17.709159380834848,284.33,in_progress,0.0,0
81,3.0,4.095695257205265,0.6837174264329721,-0.06058109188065596,0.5,2.0,2,0.9622055788083207,False,True,0.8498698102215776,7,17.709159380834848,284.393,in_progress,0.0,0
81,4.0,4.122204845947873,0.6869896398296781,0.7032206029575129,6.9,1.6,1,0.9035362622646927,False,True,0.9995705645557275,7,17.709159380834848,284.456,in_progress,0.0,0
81,5.0,4.166063135965205,0.6923698361349404,1.7944151715178156,0.5,2.0,2,0.9668844226727723,False,True,1.2472400865298223,7,17.709159380834848,284.53,in_progress,0.0,0
81,6.0,4.219710800533051,0.6999057445267197,3.1346401129936425,0.5,2.0,2,0.9071250711583303,False,True,1.5501925062241155,8,17.709159380834848,284.6,in_progress,0.0,0
81,7.0,4.291957450698829,0.7083638179760535,4.084472343562625,0.5,2.0,2,0.8552341607113079,False,True,1.9581722457108819,8,17.709159380834848,284.662,in_progress,0.0,0
81,8.0,4.382170124555966,0.7221169351209479,5.582074124822743,-6.1,2.0,0,0.8750346587614659,False,True,2.4676126523510518,9,17.709159380834848,284.725,in_progress,0.0,0
81,9.0,4.480784675439683,0.7339057351018016,5.989739173666728,-0.3,2.0,5,0.7328232307651308,False,True,3.0244916208239476,9,17.709159380834848,284.792,in_progress,0.0,0
81,10.0,4.58802543904089,0.7455970553176373,5.9517850464718185,-0.3,2.0,5,0.6891362844948246,False,True,3.6300858793276256,10,17.709159380834848,284.868,in_progress,0.0,0
81,11.0,4.721623863036913,0.759829494506813,6.02787348930884,-6.1,2.0,0,0.7422059978378368,False,True,4.384525679471773,11,17.709159380834848,284.926,in_progress,0.0,0
81,12.0,4.837494702720471,0.7699652801473247,5.550015856936282,-0.3,2.0,5,0.6404693354516049,False,True,5.038846573783588,12,17.709159380834848,284.997,in_progress,0.0,0
81,13.0,4.974152390465772,0.7809761660220772,5.095965408019404,-10.8,2.0,8,0.8232195528972235,False,True,5.810550729156613,13,17.709159380834848,285.059,in_progress,0.0,0
81,14.0,5.093255420491382,0.7860424877741522,3.8466723460177707,-6.1,2.0,0,0.8070254051389039,False,True,6.483091199931851,14,17.709159380834848,285.124,in_progress,0.0,0
81,15.0,5.22880437541533,0.7794737309031025,0.6544908149137856,-0.3,2.0,5,0.9013170616466462,False,True,7.248468165397415,14,17.709159380834848,285.191,in_progress,0.0,0
81,16.0,5.35498275957932,0.7702705153350949,-1.480960982997689,30.0,1.4,11,0.5830778744540734,False,True,7.961027404411104,15,17.709159380834848,285.257,in_progress,0.0,0
81,17.0,5.491478363558368,0.7652608049300414,-1.8689907575175295,0.5,2.0,2,0.7716740978903232,False,True,8.732242787004564,16,17.709159380834848,285.326,in_progress,0.0,0
81,18.0,5.605479531159691,0.7608779025524789,-2.150158682901636,-10.8,2.0,8,0.44272752332950793,False,True,9.37594711147854,17,17.709159380834848,285.396,in_progress,0.0,0
81,19.0,5.738834579169904,0.7405318599400826,-5.316132823250904,19.2,1.5,4,0.6029948900167821,False,True,10.12823973940629,18,17.709159380834848,285.464,in_progress,0.0,0
81,20.0,5.860207476780192,0.716861156939903,-7.796382652749606,30.0,1.4,11,0.360869982974818,False,True,10.812854342474273,19,17.709159380834848,285.527,in_progress,0.0,0
81,21.0,5.966221039972492,0.7062531462760224,-7.009062800877208,30.0,1.4,11,0.01,False,True,11.411274084214721,19,17.709159380834848,285.599,in_progress,0.0,0
81,22.0,6.081947290623822,0.7021040158100476,-4.931024780453237,30.0,1.4,11,0.01,False,True,12.068673108841903,20,17.709159380834848,285.662,in_progress,0.0,0
81,23.0,6.189746222974869,0.7067198371787518,-1.9985454118501786,30.0,1.4,11,0.01,False,True,12.677859075815572,21,17.709159380834848,285.728,in_progress,0.0,0
81,24.0,6.294891255253561,0.718739821009174,1.2831703879480678,30.0,1.4,11,0.01,False,True,13.282042908952285,22,17.709159380834848,285.792,in_progress,0.0,0
81,25.0,6.4007221642793555,0.7384752264438412,4.950497679873184,30.0,1.4,11,0.01,False,True,13.897212874312626,22,17.709159380834848,285.861,in_progress,0.0,0
81,26.0,6.496775740866045,0.7655604692848696,8.90382504220763,30.0,1.4,11,0.01,False,True,14.508425830681881,23,17.709159380834848,285.926,in_progress,0.0,0
81,27.0,6.598115996053464,0.8037731322707927,13.561937640756502,30.0,1.4,11,0.01,False,True,15.119836048179664,24,17.709159380834848,285.994,in_progress,0.0,0
81,28.0,6.693918646273249,0.8513726784181315,18.57064057013229,19.2,1.5,4,0.01,False,True,15.772347031725047,25,17.709159380834848,286.064,in_progress,0.0,0
81,29.0,6.773185272329669,0.8984007766841008,22.790623646916682,30.0,1.4,11,0.01,False,True,16.31902076567891,25,17.709159380834848,286.129,in_progress,0.0,0
81,30.0,6.861480449634696,0.9598836787656161,27.50556917380386,0.3,2.0,6,0.01,False,True,16.92656387776312,26,17.709159380834848,286.193,in_progress,0.0,0
81,31.0,6.952474899784079,1.0195246433358796,29.70958107547378,-0.3,2.0,5,0.01,False,True,17.56928255263812,27,17.709159380834848,286.259,in_progress,0.0,0
81,32.0,7.054185392380814,1.0750189819386904,29.166809259312963,0.5,2.0,2,0.01,False,True,18.20727418331915,27,17.709159380834848,286.337,in_progress,0.0,0
81,33.0,7.184166605471369,1.1457357678707416,28.844026082911338,-10.8,2.0,8,0.01,False,True,18.912503779636168,28,17.709159380834848,286.392,in_progress,0.0,0
81,34.0,7.2758474963055875,1.1904667499597767,27.735311302196983,6.9,1.6,1,0.01,False,True,19.38468276680116,29,17.709159380834848,286.467,in_progress,0.0,0
81,35.0,7.401472546634506,1.251546656488494,27.0026137209504,19.2,1.5,4,0.01,False,True,19.88980658085567,29,17.709159380834848,286.524,in_progress,0.0,0
81,36.0,7.489041808007112,1.3064950594590998,29.00468888354037,0.5,2.0,2,0.01,False,True,20.365517349847,30,17.709159380834848,286.594,in_progress,0.0,0
81,37.0,7.5891452827369585,1.3697461080907989,30.28981510167567,19.2,1.5,4,0.01,False,True,20.677579012834947,30,17.709159380834848,286.662,in_progress,0.0,0
81,38.0,7.698651623393684,1.4396251962296207,31.439939479449755,-0.3,2.0,5,0.01,False,False,21.225340587596225,31,17.709159380834848,286.73,in_progress,0.0,0
81,39.0,7.783648379257655,1.4964092940400566,32.217523171126295,12.8,2.0,9,0.01,False,False,21.257421204346823,31,17.709159380834848,286.795,in_progress,0.0,0
81,40.0,7.883773325528903,1.5646253503315461,33.1676925273005,0.5,2.0,2,0.01,True,False,21.50999516915175,31,17.709159380834848,286.86,off_track,0.0,0
82,1.0,4.970835338738079,0.683987822789983,0.05563313673413811,19.2,1.5,4,0.0,False,True,0.7916070555825244,13,17.709159380834848,286.993,prepare,0.0,0
82,2.0,4.970648403093536,0.6839376398081524,0.022039924478237015,30.0,1.4,11,0.8397064347523271,False,True,0.7905513581323118,13,17.709159380834848,287.057,in_progress,0.0,0
82,3.0,4.978306913214114,0.6847409404811917,0.13917486136304255,19.2,1.5,4,0.9824873158750715,False,True,0.8337991585498417,13,17.709159380834848,287.127,in_progress,0.0,0
82,4.0,4.9984458089367845,0.6929729410120696,2.1345429799836695,6.9,1.6,1,0.8601536521894644,False,True,0.9475374494324118,13,17.709159380834848,287.193,in_progress,0.0,0
82,5.0,5.03455002290832,0.7017978965625858,3.867983401291859,-5.7,1.7,7,0.709921235966491,False,True,1.1514262433120093,13,17.709159380834848,287.263,in_progress,0.0,0
82,6.0,5.086932397404478,0.7075675673624624,4.332922993681043,-5.7,1.7,7,0.7198292216607127,False,True,1.4472302560407226,14,17.709159380834848,287.325,in_progress,0.0,0
82,7.0,5.154371556666993,0.7101187135855653,3.6791006040462415,-5.7,1.7,7,0.6875311051288573,False,True,1.8280504433234714,14,17.709159380834848,287.395,in_progress,0.0,0
82,8.0,5.230379000578746,0.7117208915811478,2.8435094796752614,0.5,2.0,2,0.7316620312129665,False,True,2.257244217168877,14,17.709159380834848,287.465,in_progress,0.0,0
82,9.0,5.33144835441134,0.7153909988841012,2.5233279194484326,8.1,2.0,3,0.800505937507672,False,True,2.8279943806754386,15,17.709159380834848,287.528,in_progress,0.0,0
82,10.0,5.432910385438558,0.7238002092631942,3.34753761854247,0.3,2.0,6,0.6506592761468326,False,True,3.4009509637408923,16,17.709159380834848,287.598,in_progress,0.0,0
82,11.0,5.5557976669502365,0.7343500824721432,3.900310267622523,-0.3,2.0,5,0.5982923023750186,False,True,4.095184651384382,17,17.709159380834848,287.659,in_progress,0.0,0
82,12.0,5.668289764037561,0.7430600065900907,4.097257321987059,-0.3,2.0,5,0.5387439083428047,False,True,4.729882994312037,17,17.709159380834848,287.736,in_progress,0.0,0
82,13.0,5.799062251502834,0.7524261632626716,4.064564909866247,-6.1,2.0,0,0.3380908162731219,False,True,5.466655439494689,18,17.709159380834848,287.798,in_progress,0.0,0
82,14.0,5.925391897643693,0.7562568048390809,2.947521502435647,19.2,1.5,4,0.5670463099138414,False,True,6.178366013257588,19,17.709159380834848,287.86,in_progress,0.0,0
82,15.0,6.04693748180005,0.7585296169543999,2.1336088574985457,30.0,1.4,11,0.5067435394731651,False,True,6.864577665006655,20,17.709159380834848,287.93,in_progress,0.0,0
82,16.0,6.158818304672504,0.7704323087225486,3.751710330066987,30.0,1.4,11,0.34102346852895615,False,True,7.512472194803779,21,17.709159380834848,288.009,in_progress,0.0,0
82,17.0,6.288942322248235,0.7939706505584457,6.808136987164473,30.0,1.4,11,0.15859102313490225,False,True,8.283626005979894,22,17.709159380834848,288.061,in_progress,0.0,0
82,18.0,6.36839727659632,0.8134190893992627,8.969512162796315,30.0,1.4,11,0.044890900921931154,False,True,8.773672715725924,22,17.709159380834848,288.134,in_progress,0.0,0
82,19.0,6.473009775804881,0.8471510039004988,12.518197079899508,30.0,1.4,11,0.01,False,True,9.534182371059094,23,17.709159380834848,288.192,in_progress,0.0,0
82,20.0,6.560310205033466,0.8850024533334957,16.37970508545507,30.0,1.4,11,0.01,False,True,10.070100963111738,24,17.709159380834848,288.262,in_progress,0.0,0
82,21.0,6.650336021384451,0.9344108979283529,21.002799258073477,30.0,1.4,11,0.01,False,True,10.785227276707776,25,17.709159380834848,288.333,in_progress,0.0,0
82,22.0,6.740428739829351,0.9956541137790123,26.268798299490875,30.0,1.4,11,0.01,False,True,11.477730887312115,25,17.709159380834848,288.394,in_progress,0.0,0
82,23.0,6.810134954601606,1.054235929439033,30.975861978052627,30.0,1.4,11,0.021953593249147252,False,True,12.099992388787943,26,17.709159380834848,288.463,in_progress,0.0,0
82,24.0,6.88364789249127,1.1280819435666036,36.39500871521702,30.0,1.4,11,0.039928030794892044,False,True,12.687350532917485,27,17.709159380834848,288.527,in_progress,0.0,0
82,25.0,6.942307667382307,1.2057535512249844,42.38597066284262,30.0,1.4,11,0.13489822823512587,False,True,13.421485294297831,28,17.709159380834848,288.597,in_progress,0.0,0
82,26.0,6.9932148413541455,1.2927028787649062,48.73715102641308,30.0,1.4,11,0.20916474055439283,False,True,14.114473841440095,29,17.709159380834848,288.665,in_progress,0.0,0
82,27.0,7.0311420071971975,1.3750040057853106,54.34646466076068,30.0,1.4,11,0.28984037463708223,False,True,14.734816127183393,29,17.709159380834848,288.726,in_progress,0.0,0
82,28.0,7.063740815034867,1.471530712289156,60.81560233430626,30.0,1.4,11,0.33776081992134765,False,True,15.308856776575066,30,17.709159380834848,288.795,in_progress,0.0,0
82,29.0,7.083821229931104,1.5677257132451965,67.21749658808,30.0,1.4,11,0.361811112027705,False,True,15.978163326395448,31,17.709159380834848,288.863,in_progress,0.0,0
82,30.0,7.090643065925385,1.6633160392495994,73.92435137997624,30.0,1.4,11,0.40438965355809775,False,True,16.728961944211754,32,17.709159380834848,288.93,in_progress,0.0,0
82,31.0,7.087340643702857,1.7522694021037306,80.06353717850817,30.0,1.4,11,0.4458608063245,False,True,17.4439458256352,32,17.709159380834848,288.995,in_progress,0.0,0
82,32.0,7.06867691857075,1.8477611063559276,87.75769576323741,30.0,1.4,11,0.5400500346697819,False,True,18.094804826389147,33,17.709159380834848,289.066,in_progress,0.0,0
82,33.0,7.034789934140651,1.944605566208741,95.99839950209308,30.0,1.4,11,0.6509564229784282,False,True,18.669746494317405,34,17.709159380834848,289.128,in_progress,0.0,0
82,34.0,6.992749062047406,2.029623931023201,103.27233699889979,30.0,1.4,11,0.7552674464714437,False,True,19.342869075290757,35,17.709159380834848,289.192,in_progress,0.0,0
82,35.0,6.9457724319238014,2.0995238553324946,109.91817367079959,0.5,2.0,2,0.34951364242940053,False,True,20.01276775051897,35,17.709159380834848,289.265,in_progress,0.0,0
82,36.0,6.887073895419776,2.188635073597652,115.47174565407624,12.8,2.0,9,0.5510385549165926,False,True,20.836964464472665,36,17.709159380834848,289.329,in_progress,0.0,0
82,37.0,6.834964501628208,2.2747399855339316,117.64349479031443,30.0,1.4,11,0.6805453995097338,False,True,21.572996067943475,37,17.709159380834848,289.391,in_progress,0.0,0
82,38.0,6.769999132592563,2.369813194163718,120.34215643239374,30.0,1.4,11,0.44512363894239493,False,True,22.362061260045042,38,17.709159380834848,289.459,in_progress,0.0,0
82,39.0,6.711258802187527,2.443640080383236,123.24125557319505,30.0,1.4,11,0.26636408470625195,False,True,22.879454282114573,39,17.709159380834848,289.527,in_progress,0.0,0
82,40.0,6.637132486882887,2.5206567473258064,127.44534010499949,14.4,2.0,10,0.01,False,True,23.612178544863998,40,17.709159380834848,289.593,in_progress,0.0,0
82,41.0,6.556747293801879,2.5912001910638485,131.9055017871602,30.0,1.4,11,0.01,False,True,24.30934979913936,40,17.709159380834848,289.66,in_progress,0.0,0
82,42.0,6.470810747172673,2.650898046173947,137.01224998174905,12.8,2.0,9,0.01,False,True,24.959633600187328,41,17.709159380834848,289.734,in_progress,0.0,0
82,43.0,6.377380530851089,2.711697034468157,141.00316305469806,30.0,1.4,11,0.01,False,True,25.54550720624258,42,17.709159380834848,289.794,in_progress,0.0,0
82,44.0,6.2875421765571895,2.7645340043261246,144.254285691383,-6.1,2.0,0,0.01,False,True,26.108323043786484,43,17.709159380834848,289.86,in_progress,0.0,0
82,45.0,6.196456044005582,2.8245585758077696,145.10353375791206,12.8,2.0,9,0.01,False,True,26.63078489487014,43,17.709159380834848,289.929,in_progress,0.0,0
82,46.0,6.105042463001986,2.8830151952626153,146.05647843926127,14.4,2.0,10,0.01,False,True,27.15414225137075,44,17.709159380834848,289.998,in_progress,0.0,0
82,47.0,5.991802581977539,2.9388865775708335,149.47488153702787,6.9,1.6,1,0.01,False,True,27.772063771936118,45,17.709159380834848,290.061,in_progress,0.0,0
82,48.0,5.881041029733858,2.9803376786081617,153.755635641624,-10.8,2.0,8,0.01,False,True,28.395009109085624,45,17.709159380834848,290.128,in_progress,0.0,0
82,49.0,5.768445832839914,3.0226717130224103,156.0424366613771,-6.1,2.0,0,0.01,False,True,29.02985646386398,46,17.709159380834848,290.193,in_progress,0.0,0
82,50.0,5.664272461193254,3.0772340862625485,154.3992112912145,-5.7,1.7,7,0.01,False,True,29.615629318453717,47,17.709159380834848,290.261,in_progress,0.0,0
82,51.0,5.556479598095166,3.1452102022267696,151.33243851368525,0.5,2.0,2,0.01,False,False,30.230257247887327,47,17.709159380834848,290.339,in_progress,0.0,0
82,52.0,5.43000806416335,3.2318940647105623,148.29295688887254,-0.3,2.0,5,0.01,False,False,30.941992243290183,48,17.709159380834848,290.396,in_progress,0.0,0
82,53.0,5.340674235254566,3.2977894426286842,146.38088506036868,0.3,2.0,6,0.01,False,False,31.444969656350697,49,17.709159380834848,290.458,in_progress,0.0,0
82,54.0,5.241742644219403,3.372483025321985,144.89734529189082,-10.8,2.0,8,0.01,True,False,31.944886551654673,50,17.709159380834848,290.534,off_track,0.0,0
83,1.0,5.85619045094209,0.6843722049597742,0.021415283053307105,12.8,2.0,9,0.0,False,True,0.7910190084289781,19,17.709159380834848,290.66,prepare,0.0,0
83,2.0,5.856106164210982,0.6842554637200186,-0.01857169892480196,30.0,1.4,11,0.07504639107464095,False,True,0.7905461097582556,19,17.709159380834848,290.723,in_progress,0.0,0
83,3.0,5.866483037265779,0.6879337804545418,0.774306244433598,30.0,1.4,11,0.14853376786886086,False,True,0.8490455835981153,19,17.709159380834848,290.795,in_progress,0.0,0
83,4.0,5.887811451237981,0.6995053192727567,3.5025915842453785,30.0,1.4,11,0.31357229256436336,False,True,0.9691795473193154,19,17.709159380834848,290.862,in_progress,0.0,0
83,5.0,5.922650693651161,0.7252687571790708,9.074716426486905,30.0,1.4,11,0.613802454115312,False,True,1.164351507334499,19,17.709159380834848,290.928,in_progress,0.0,0
83,6.0,5.96473269397675,0.7582639940866049,15.140798386632934,14.4,2.0,10,0.6368269059049794,False,True,1.4004128409426386,19,17.709159380834848,290.997,in_progress,0.0,0
83,7.0,6.018149006270748,0.8008916024557621,21.28559683569017,-0.3,2.0,5,0.6984723680182938,False,True,1.7000194126260277,20,17.709159380834848,291.063,in_progress,0.0,0
83,8.0,6.084154054299465,0.8442901418589329,24.90825300272664,-5.7,1.7,7,0.8293937044274471,False,True,2.101660870279037,20,17.709159380834848,291.125,in_progress,0.0,0
83,9.0,6.159177435496256,0.8855523076202099,26.130249832645394,-5.7,1.7,7,0.9410897645065203,False,True,2.5311220015040576,21,17.709159380834848,291.201,in_progress,0.0,0
83,10.0,6.247778532151598,0.9312084428728575,26.581997924255866,-5.7,1.7,7,0.9810023805276654,False,True,3.115934407541518,21,17.709159380834848,291.257,in_progress,0.0,0
83,11.0,6.339000151975447,0.9789935849469799,26.973746404418574,-5.7,1.7,7,0.9289591739289044,False,True,3.735818911009872,22,17.709159380834848,291.33,in_progress,0.0,0
83,12.0,6.434967806922323,1.0263485629463946,26.718312082208847,0.5,2.0,2,0.843873257597655,False,True,4.66618379988562,23,17.709159380834848,291.394,in_progress,0.0,0
83,13.0,6.532588246296918,1.0775080180545296,27.043050790627518,0.5,2.0,2,0.9116907357909886,False,False,5.596993499529298,24,17.709159380834848,291.464,in_progress,0.0,0
83,14.0,6.647127480330256,1.1397574445509853,27.760564903401082,-6.1,2.0,0,0.7929129661463276,False,False,6.504600071961581,25,17.709159380834848,291.53,in_progress,0.0,0
83,15.0,6.749856497074201,1.1926803708823115,27.521621212302477,30.0,1.4,11,0.9070325060003513,False,False,7.366431421926503,26,17.709159380834848,291.596,in_progress,0.0,0
83,16.0,6.861354167028792,1.2524221711907122,27.70965570247313,30.0,1.4,11,0.6844901060884557,False,False,8.359510135959185,28,17.709159380834848,291.661,in_progress,0.0,0
83,17.0,6.960069719957662,1.3156188403577986,29.822192099778725,30.0,1.4,11,0.28255772662520684,False,True,9.136724336643393,29,17.709159380834848,291.73,in_progress,0.0,0
83,18.0,7.0491416373196,1.380812556055655,32.39237040849144,0.3,2.0,6,0.01,False,True,9.803970796096987,29,17.709159380834848,291.795,in_progress,0.0,0
83,19.0,7.137765293428887,1.4418290625501924,33.17364538600632,6.9,1.6,1,0.01,False,True,10.313621231078862,30,17.709159380834848,291.86,in_progress,0.0,0
83,20.0,7.230544937531955,1.511251526275018,34.747506394369125,-10.8,2.0,8,0.01,False,True,10.896377383365069,31,17.709159380834848,291.925,in_progress,0.0,0
83,21.0,7.32323510696171,1.5750343201324726,34.60808900887236,19.2,1.5,4,0.01,False,True,11.330616594595611,31,17.709159380834848,291.997,in_progress,0.0,0
83,22.0,7.421431887248034,1.636716559518514,33.591044226340436,6.9,1.6,1,0.01,False,True,11.719629369655399,32,17.709159380834848,292.064,in_progress,0.0,0
83,23.0,7.509779329073922,1.7081516942756223,35.859286567301375,0.3,2.0,6,0.01,False,True,12.103484010259336,32,17.709159380834848,292.126,in_progress,0.0,0
83,24.0,7.605348195662416,1.7966398070189675,39.04394244455404,14.4,2.0,10,0.01,False,True,12.341624762458009,32,17.709159380834848,292.192,in_progress,0.0,0
83,25.0,7.685373894962519,1.8795362348682487,41.97701069071223,-6.1,2.0,0,0.01,False,False,12.752105930438212,33,17.709159380834848,292.265,in_progress,0.0,0
83,26.0,7.775380818789779,1.975557565571922,44.07836801976933,6.9,1.6,1,0.01,False,False,12.957196676429822,33,17.709159380834848,292.322,in_progress,0.0,0
83,27.0,7.863574792412578,2.068683177945586,45.30896518870107,0.5,2.0,2,0.01,True,False,13.365993030725548,33,17.709159380834848,292.393,off_track,0.0,0
84,1.0,6.726337941318685,0.7972845775936557,19.32844460834014,30.0,1.4,11,0.0,False,True,0.7838496434821013,25,17.709159380834848,292.527,prepare,0.0,0
84,2.0,6.726269746928092,0.7972396038639494,19.316718374208513,14.4,2.0,10,0.01,False,True,0.7833896711744837,25,17.709159380834848,292.597,in_progress,0.0,0
84,3.0,6.736670035507224,0.7994318700682038,18.948740625868176,0.3,2.0,6,0.01,False,True,0.8407295028688672,25,17.709159380834848,292.662,in_progress,0.0,0
84,4.0,6.763359516447636,0.8092573548433032,19.087391993462866,0.3,2.0,6,0.01,False,True,0.9994047120172295,25,17.709159380834848,292.728,in_progress,0.0,0
84,5.0,6.798485368256495,0.8209114669397132,18.967838012598907,12.8,2.0,9,0.01,False,True,1.1888434772269807,25,17.709159380834848,292.798,in_progress,0.0,0
84,6.0,6.851667837666678,0.8471356311367854,20.765132509257153,-5.7,1.7,7,0.01,False,True,1.5202038826871433,25,17.709159380834848,292.861,in_progress,0.0,0
84,7.0,6.913032074828623,0.8717015548445386,21.011882960995514,-10.8,2.0,8,0.01,False,True,1.884330083402086,26,17.709159380834848,292.927,in_progress,0.0,0
84,8.0,6.990912163664659,0.8868903781925799,17.84292954293286,-6.1,2.0,0,0.01,False,True,2.2326530244594216,26,17.709159380834848,292.99,in_progress,0.0,0
84,9.0,7.092387669128602,0.8984837410461627,13.510227083210415,8.1,2.0,3,0.01,False,True,2.7038195426378198,27,17.709159380834848,293.059,in_progress,0.0,0
84,10.0,7.199287440821012,0.914529420484655,11.593445228947164,12.8,2.0,9,0.01,False,True,2.9705051381627516,27,17.709159380834848,293.128,in_progress,0.0,0
84,11.0,7.316034962520007,0.9445561806052923,12.796312851265833,19.2,1.5,4,0.01,False,True,3.500494931079745,28,17.709159380834848,293.192,in_progress,0.0,0
84,12.0,7.417338518513419,0.982948671121531,16.069210110117773,6.9,1.6,1,0.01,False,False,3.748193868696606,28,17.709159380834848,293.262,in_progress,0.0,0
84,13.0,7.5253629010192515,1.0284283338139764,18.886903336230166,19.2,1.5,4,0.01,False,False,4.268878034005851,29,17.709159380834848,293.32,in_progress,0.0,0
84,14.0,7.625202479718619,1.0683910655424942,20.043215556564693,-0.3,2.0,5,0.01,False,False,4.528594659862245,29,17.709159380834848,293.396,in_progress,0.0,0
84,15.0,7.736113246829188,1.11271135078547,20.56641529578811,0.5,2.0,2,0.01,False,False,4.887530801542186,29,17.709159380834848,293.459,in_progress,0.0,0
84,16.0,7.843806695011346,1.1415873256449773,18.208655869715592,0.5,2.0,2,0.01,True,False,5.27062197435717,30,17.709159380834848,293.526,off_track,0.0,0
85,1.0,7.258078302558191,1.4835907592681434,67.50737009709445,12.8,2.0,9,0.0,False,True,0.788302659664708,30,17.709159380834848,293.661,prepare,0.0,0
85,2.0,7.257884002906059,1.4835494899813777,67.53121412213513,-5.7,1.7,7,0.01,False,True,0.787780277437744,30,17.709159380834848,293.721,in_progress,0.0,0
85,3.0,7.260772043850841,1.4946522364341797,67.95810980672482,-5.7,1.7,7,0.01,False,True,0.8525476772445861,31,17.709159380834848,293.797,in_progress,0.0,0
85,4.0,7.271131692303767,1.5187052500566542,67.7843234228106,-5.7,1.7,7,0.01,False,True,0.9991550452074838,31,17.709159380834848,293.861,in_progress,0.0,0
85,5.0,7.290098438965249,1.5527403037958294,66.62788821054913,-5.7,1.7,7,0.01,False,True,1.2132141229533322,31,17.709159380834848,293.925,in_progress,0.0,0
85,6.0,7.315663442327824,1.6018659761756198,65.6637414201992,12.8,2.0,9,0.01,False,True,1.4784858609033225,31,17.709159380834848,293.994,in_progress,0.0,0
85,7.0,7.338034796384947,1.668862567542334,67.33729592745514,6.9,1.6,1,0.01,False,True,1.8652293034272571,32,17.709159380834848,294.063,in_progress,0.0,0
85,8.0,7.34693740833414,1.7520806632252273,72.59785761235312,14.4,2.0,10,0.01,False,True,2.266955567389312,32,17.709159380834848,294.128,in_progress,0.0,0
85,9.0,7.34654442104195,1.8462002527123387,78.82929250853505,8.1,2.0,3,0.01,False,True,2.7948543635465004,33,17.709159380834848,294.192,in_progress,0.0,0
85,10.0,7.335000524120318,1.946777862841611,85.46624271564025,-10.8,2.0,8,0.01,False,True,3.323641496430829,33,17.709159380834848,294.262,in_progress,0.0,0
85,11.0,7.326384675922967,2.0678606719154677,89.18442646428969,8.1,2.0,3,0.01,False,True,3.9315823193417474,34,17.709159380834848,294.327,in_progress,0.0,0
85,12.0,7.319432719226034,2.175366473485176,90.98053510538979,-5.7,1.7,7,0.01,False,True,4.5181720435168105,35,17.709159380834848,294.401,in_progress,0.0,0
85,13.0,7.306565396002508,2.3011189013226336,93.18453556383875,0.3,2.0,6,0.01,False,True,5.064059701135065,35,17.709159380834848,294.46,in_progress,0.0,0
85,14.0,7.292650747958301,2.4232509841159637,94.59687122613575,-5.7,1.7,7,0.01,False,True,5.50451792971085,36,17.709159380834848,294.531,in_progress,0.0,0
85,15.0,7.277760279633443,2.5444606856880303,95.60067371335714,19.2,1.5,4,0.01,False,True,6.100132919190387,37,17.709159380834848,294.594,in_progress,0.0,0
85,16.0,7.2604125683269745,2.6677394886394707,96.7169457992344,12.8,2.0,9,0.01,False,False,6.451177344960351,37,17.709159380834848,294.66,in_progress,0.0,0
85,17.0,7.230198504800808,2.7867142276030825,100.09938922355812,0.3,2.0,6,0.01,False,False,7.047709628997723,38,17.709159380834848,294.728,in_progress,0.0,0
85,18.0,7.183032834708861,2.9098319880747434,105.19176910767467,19.2,1.5,4,0.01,False,False,7.38180907261547,38,17.709159380834848,294.793,in_progress,0.0,0
85,19.0,7.136534136542268,3.0103450708715664,109.06204839277264,-0.3,2.0,5,0.01,False,False,7.936674885313394,39,17.709159380834848,294.863,in_progress,0.0,0
85,20.0,7.076633454503357,3.1193771737867126,113.39114775668425,6.9,1.6,1,0.01,True,False,8.08355035944756,39,17.709159380834848,294.926,off_track,0.0,0
86,1.0,7.09009198931748,2.3320906575911473,117.926348385813,30.0,1.4,11,0.0,False,True,0.7874598838461477,36,17.709159380834848,295.069,prepare,0.0,0
86,2.0,7.090189558990944,2.332007614213227,117.93516785692182,-0.3,2.0,5,0.01,False,True,0.7867530802034894,36,17.709159380834848,295.128,in_progress,0.0,0
86,3.0,7.086840821721287,2.338104271417594,117.95043766427067,-0.3,2.0,5,0.01,False,True,0.8256009096108907,36,17.709159380834848,295.194,in_progress,0.0,0
86,4.0,7.0744314103130375,2.357621206992331,118.39780768214895,0.3,2.0,6,0.01,False,True,0.9557386443490523,37,17.709159380834848,295.26,in_progress,0.0,0
86,5.0,7.054070897278936,2.391041514022919,118.84918901690234,-5.7,1.7,7,0.01,False,True,1.1755433056256592,37,17.709159380834848,295.327,in_progress,0.0,0
86,6.0,7.0271150555663375,2.432089455417049,119.73925829303523,-0.3,2.0,5,0.01,False,True,1.4373467140227747,37,17.709159380834848,295.391,in_progress,0.0,0
86,7.0,6.990529061401334,2.4898885720678874,120.43958865114921,-10.8,2.0,8,0.01,False,True,1.8144154932129786,38,17.709159380834848,295.463,in_progress,0.0,0
86,8.0,6.947953933468964,2.5628422669168835,120.29160449450657,12.8,2.0,9,0.01,False,True,2.233679855498316,38,17.709159380834848,295.525,in_progress,0.0,0
86,9.0,6.903157647979784,2.6407619386576187,120.18214558933863,-10.8,2.0,8,0.01,False,True,2.7029118332833613,39,17.709159380834848,295.593,in_progress,0.0,0
86,10.0,6.849401489879193,2.736167346540808,119.72222906403029,8.1,2.0,3,0.01,False,True,3.1549616922137536,39,17.709159380834848,295.661,in_progress,0.0,0
86,11.0,6.7973390234601325,2.836726259240058,118.79792330243446,-5.7,1.7,7,0.01,False,True,3.6876273733078335,40,17.709159380834848,295.73,in_progress,0.0,0
86,12.0,6.737848784308801,2.932820523285249,120.00239619405457,0.3,2.0,6,0.01,False,True,4.020369224680614,40,17.709159380834848,295.793,in_progress,0.0,0
86,13.0,6.670234664884603,3.029917804040711,122.06096022491822,0.5,2.0,2,0.01,False,True,4.568835081480876,41,17.709159380834848,295.865,in_progress,0.0,0
86,14.0,6.587447649963507,3.1374264994200374,124.69954154629036,30.0,1.4,11,0.01,False,False,4.867305480175238,41,17.709159380834848,295.927,in_progress,0.0,0
86,15.0,6.511217912117371,3.2238909770591344,127.46444930684808,8.1,2.0,3,0.01,False,False,5.387200971170353,42,17.709159380834848,295.993,in_progress,0.0,0
86,16.0,6.426110650696414,3.3035087180298937,131.4914966066382,12.8,2.0,9,0.01,False,False,5.582810068574762,42,17.709159380834848,296.064,in_progress,0.0,0
86,17.0,6.3229421147222835,3.380298307555389,136.93754779545537,-0.3,2.0,5,0.01,True,False,6.1475613269719345,43,17.709159380834848,296.128,off_track,0.0,0
87,1.0,6.344305064525715,2.7670110600129973,168.40533976033285,19.2,1.5,4,0.0,False,True,0.7895106442005306,42,17.709159380834848,296.262,prepare,0.0,0
87,2.0,6.344454764550551,2.7670733291928684,168.39152566275484,30.0,1.4,11,0.16363341293432732,False,True,0.7886914472193474,42,17.709159380834848,296.331,in_progress,0.0,0
87,3.0,6.335264338213339,2.765689567202426,169.08683774840208,30.0,1.4,11,0.19642972344677412,False,True,0.8399291813020127,42,17.709159380834848,296.396,in_progress,0.0,0
87,4.0,6.312964390648565,2.756005453615215,172.47599190862468,30.0,1.4,11,0.23547727440859678,False,True,0.9618019947240375,42,17.709159380834848,296.462,in_progress,0.0,0
87,5.0,6.276801681789853,2.7390298321002446,177.60721893653968,30.0,1.4,11,0.3142719694224979,False,True,1.1589442648129555,43,17.709159380834848,296.525,in_progress,0.0,0
87,6.0,6.231228441388322,2.7101437363725833,-175.2525805437441,0.5,2.0,2,0.4148858817796698,False,True,1.4044841960615562,43,17.709159380834848,296.594,in_progress,0.0,0
87,7.0,6.170175920057052,2.675499341576067,-168.66481660842425,-10.8,2.0,8,0.8405281652796429,False,True,1.760559745769169,43,17.709159380834848,296.663,in_progress,0.0,0
87,8.0,6.099869121726397,2.654027434380967,-167.071876449284,30.0,1.4,11,0.16954991513097561,False,True,2.1547935259727202,44,17.709159380834848,296.734,in_progress,0.0,0
87,9.0,6.01766655045791,2.6309741571530303,-166.16922116503534,-5.7,1.7,7,0.4420081798814174,False,True,2.6405205005123222,44,17.709159380834848,296.795,in_progress,0.0,0
87,10.0,5.9238360558838785,2.6021655205419125,-165.10577003109574,19.2,1.5,4,0.01,False,True,3.172130890682956,45,17.709159380834848,296.854,in_progress,0.0,0
87,11.0,5.8389127631860465,2.5779523609413397,-164.7900672512005,0.3,2.0,6,0.01,False,True,3.6528584358045793,46,17.709159380834848,296.928,in_progress,0.0,0
87,12.0,5.743488925489606,2.5493564176736307,-164.33080385634346,30.0,1.4,11,0.01,False,True,4.1920681345335495,46,17.709159380834848,296.995,in_progress,0.0,0
87,13.0,5.632807069172627,2.5161899768399443,-163.92261362295312,-0.3,2.0,5,0.01,False,True,4.8185379224392815,47,17.709159380834848,297.059,in_progress,0.0,0
87,14.0,5.527272732890992,2.4852522587264487,-164.0017841476677,-0.3,2.0,5,0.01,False,True,5.4090345713735,48,17.709159380834848,297.135,in_progress,0.0,0
87,15.0,5.405879136706086,2.4558857767962494,-165.08141852283487,-0.3,2.0,5,0.01,False,True,6.095536060806161,49,17.709159380834848,297.192,in_progress,0.0,0
87,16.0,5.2914557602393835,2.431234982868449,-166.35181230300518,30.0,1.4,11,0.01,False,False,6.773959396502821,49,17.709159380834848,297.262,in_progress,0.0,0
87,17.0,5.172962547479003,2.4034942453297967,-166.9481397419947,-5.7,1.7,7,0.01,False,False,7.393638129503249,50,17.709159380834848,297.33,in_progress,0.0,0
87,18.0,5.068697745996451,2.3769698698401385,-166.53620502412303,30.0,1.4,11,0.01,False,False,7.981634621980699,51,17.709159380834848,297.392,in_progress,0.0,0
87,19.0,4.958263357472457,2.351253265934875,-166.74597958382668,-10.8,2.0,8,0.01,False,False,8.32382632658873,51,17.709159380834848,297.46,in_progress,0.0,0
87,20.0,4.846345616177139,2.3309291525768514,-168.17778820000822,30.0,1.4,11,0.01,False,False,8.936786486197795,52,17.709159380834848,297.526,in_progress,0.0,0
87,21.0,4.731077908323355,2.3129830915559215,-169.5628321501386,30.0,1.4,11,0.01,False,False,9.237228630362637,52,17.709159380834848,297.598,in_progress,0.0,0
87,22.0,4.622733993406599,2.284410239052523,-167.7861064429787,-5.7,1.7,7,0.01,False,False,9.79195099114426,53,17.709159380834848,297.661,in_progress,0.0,0
87,23.0,4.526474993200019,2.2597548464085992,-167.0973444882666,-0.3,2.0,5,0.01,True,False,9.907890837222627,53,17.709159380834848,297.727,off_track,0.0,0
88,1.0,5.458589811351799,2.769082661013814,-179.82999511593619,19.2,1.5,4,0.0,False,True,0.7909122220313092,48,17.709159380834848,297.859,prepare,0.0,0
88,2.0,5.45861900977105,2.7689591729373273,-179.7961281820668,-5.7,1.7,7,0.2625213494494567,False,True,0.7907500978135196,48,17.709159380834848,297.928,in_progress,0.0,0
88,3.0,5.449632689167447,2.7687383711702656,-179.70091451708606,-10.8,2.0,8,0.32348246146389736,False,True,0.8414985373015604,48,17.709159380834848,297.995,in_progress,0.0,0
88,4.0,5.427505236057142,2.769269871328121,-179.8883302188042,8.1,2.0,3,0.01,False,True,0.9664349202326561,48,17.709159380834848,298.059,in_progress,0.0,0
88,5.0,5.3891933122426625,2.76471768198372,-178.80398800002655,-10.8,2.0,8,0.10860718181112905,False,True,1.1828742791583413,49,17.709159380834848,298.127,in_progress,0.0,0
88,6.0,5.3366258446334625,2.756725584262927,-177.23973854135758,-5.7,1.7,7,0.01,False,True,1.47988781073079,49,17.709159380834848,298.191,in_progress,0.0,0
88,7.0,5.266947843792844,2.759183422489061,-178.5696222103072,-10.8,2.0,8,0.01,False,True,1.8740881251687158,49,17.709159380834848,298.263,in_progress,0.0,0
88,8.0,5.190619442828772,2.7668117010425135,179.23439027328712,-10.8,2.0,8,0.01,False,True,2.3041177997796645,50,17.709159380834848,298.326,in_progress,0.0,0
88,9.0,5.0947258520334175,2.7833101362798867,175.92885712209136,-6.1,2.0,0,0.01,False,True,2.8462728588076636,51,17.709159380834848,298.395,in_progress,0.0,0
88,10.0,4.985258252865613,2.807002590266122,172.54969402705052,14.4,2.0,10,0.01,False,True,3.4904525821955135,51,17.709159380834848,298.46,in_progress,0.0,0
88,11.0,4.879521199380022,2.826879238113175,171.28221145774438,6.9,1.6,1,0.01,False,True,4.12461208409246,52,17.709159380834848,298.529,in_progress,0.0,0
88,12.0,4.76327134988799,2.835137641512066,173.28651592340924,14.4,2.0,10,0.01,False,True,4.772883107723858,53,17.709159380834848,298.594,in_progress,0.0,0
88,13.0,4.635586336851116,2.8304150071981464,177.36409683824954,19.2,1.5,4,0.01,False,True,5.447007547452714,54,17.709159380834848,298.657,in_progress,0.0,0
88,14.0,4.52384190235662,2.81263773982833,-177.75064349255155,19.2,1.5,4,0.01,False,True,5.900256708126189,54,17.709159380834848,298.726,in_progress,0.0,0
88,15.0,4.4145859979176265,2.7849863748723096,-172.74268602562518,-0.3,2.0,5,0.01,False,True,6.33612851834306,55,17.709159380834848,298.793,in_progress,0.0,0
88,16.0,4.304435358873939,2.756552020720061,-169.88794702130895,19.2,1.5,4,0.01,False,True,6.5964103600144375,55,17.709159380834848,298.865,in_progress,0.0,0
88,17.0,4.180321500166516,2.7226563247775535,-167.40190487595098,19.2,1.5,4,0.01,False,True,6.92194773353802,55,17.709159380834848,298.927,in_progress,0.0,0
88,18.0,4.094121808347061,2.6891964785030096,-164.3718654700355,0.5,2.0,2,0.01,False,False,7.156934120329106,56,17.709159380834848,298.993,in_progress,0.0,0
88,19.0,3.984800439726486,2.647739006835822,-162.37123894296658,19.2,1.5,4,0.01,False,False,7.449199601129131,56,17.709159380834848,299.063,in_progress,0.0,0
88,20.0,3.8816787869904865,2.6091613650650927,-161.1985670720423,-0.3,2.0,5,0.01,True,False,7.449199601129131,56,17.709159380834848,299.131,off_track,0.0,0
89,1.0,4.5907453606680315,2.8813349648222766,157.41652649288363,-0.3,2.0,5,0.0,False,True,0.7907014015703262,54,17.709159380834848,299.263,prepare,0.0,0
89,2.0,4.590852408643599,2.8812854302833224,157.41801493397801,19.2,1.5,4,0.01,False,True,0.7900414090570018,54,17.709159380834848,299.336,in_progress,0.0,0
89,3.0,4.580437984373266,2.8850137478764855,157.53815393328443,30.0,1.4,11,0.01,False,True,0.8509346968343268,54,17.709159380834848,299.398,in_progress,0.0,0
89,4.0,4.552960808907744,2.8822919729624696,160.72315788431794,30.0,1.4,11,0.01,False,True,0.9734191786037905,54,17.709159380834848,299.46,in_progress,0.0,0
89,5.0,4.511939845742125,2.875667411737084,165.40211573127402,0.3,2.0,6,0.01,False,True,1.1484920889077266,54,17.709159380834848,299.525,in_progress,0.0,0
89,6.0,4.460372925272691,2.8725245294374693,169.1311408747699,19.2,1.5,4,0.01,False,True,1.384334498848766,55,17.709159380834848,299.591,in_progress,0.0,0
89,7.0,4.388975010682441,2.870528639379066,172.608320951764,19.2,1.5,4,0.01,False,True,1.6060353136683914,55,17.709159380834848,299.658,in_progress,0.0,0
89,8.0,4.306420896423686,2.855494543507798,178.26454004620535,8.1,2.0,3,0.01,False,True,1.8954055916351686,55,17.709159380834848,299.727,in_progress,0.0,0
89,9.0,4.223175045779211,2.8384741270028626,-177.55132358282606,-0.3,2.0,5,0.01,False,True,2.180166071975992,56,17.709159380834848,299.795,in_progress,0.0,0
89,10.0,4.115014786243704,2.82819083496209,-176.3888614388179,6.9,1.6,1,0.01,False,True,2.4491996011291315,56,17.709159380834848,299.861,in_progress,0.0,0
89,11.0,4.005928371903361,2.815992806209953,-175.29685746000854,19.2,1.5,4,0.01,False,False,2.807331416137626,56,17.709159380834848,299.928,in_progress,0.0,0
89,12.0,3.902518517062608,2.7962989553907187,-172.87424146776698,19.2,1.5,4,0.01,False,False,3.1257402420908686,57,17.709159380834848,299.992,in_progress,0.0,0
89,13.0,3.80229022620461,2.7648649669039234,-168.9015165030422,8.1,2.0,3,0.01,False,False,3.300714181781439,57,17.709159380834848,300.067,in_progress,0.0,0
89,14.0,3.693002710451027,2.725808595840211,-165.35069788527917,14.4,2.0,10,0.01,True,False,3.388499941671308,57,17.709159380834848,300.134,off_track,0.0,0
90,1.0,3.9771662291498764,3.5121833876258823,129.2480658699473,19.2,1.5,4,0.0,False,True,0.7917202950687541,60,17.709159380834848,300.263,prepare,0.0,0
90,2.0,3.9772551891196355,3.5119887562300085,129.2475328705112,0.5,2.0,2,0.956334662786378,False,True,0.7905513581379253,60,17.709159380834848,300.322,in_progress,0.0,0
90,3.0,3.9711825525307387,3.5187938818106264,129.29274446597,6.9,1.6,1,0.8594577752699504,False,True,0.8420026437507944,60,17.709159380834848,300.393,in_progress,0.0,0
90,4.0,3.9538272888994355,3.5355443015743324,129.94949459774583,0.5,2.0,2,0.9917825088936415,False,True,0.9772378702332496,60,17.709159380834848,300.461,in_progress,0.0,0
90,5.0,3.9277071653018347,3.56340770266602,130.47315092600883,6.9,1.6,1,0.9294126280234063,False,True,1.1923845397498356,60,17.709159380834848,300.527,in_progress,0.0,0
90,6.0,3.8895333513255004,3.6003657179467763,131.63471137177532,6.9,1.6,1,0.9809109766243059,False,True,1.490343045947129,61,17.709159380834848,300.593,in_progress,0.0,0
90,7.0,3.837874257296892,3.648659151664825,133.0936112972279,6.9,1.6,1,0.9642089129319406,False,True,1.8859782793703483,61,17.709159380834848,300.659,in_progress,0.0,0
90,8.0,3.7766183801560693,3.699789757816796,135.20589769329365,0.3,2.0,6,0.8263320830469641,False,True,2.3282869528196026,62,17.709159380834848,300.723,in_progress,0.0,0
90,9.0,3.704405186346959,3.7617166453299014,136.65902673949952,14.4,2.0,10,0.9978905945820511,False,True,2.8570316377623417,62,17.709159380834848,300.797,in_progress,0.0,0
90,10.0,3.6206146948610045,3.824579919198077,139.16885240296455,19.2,1.5,4,0.9322725751820029,False,True,3.431423469000816,63,17.709159380834848,300.863,in_progress,0.0,0
90,11.0,3.5285256907089115,3.8803214160053088,142.95866090868194,0.3,2.0,6,0.8127199493982505,False,True,4.004078502969099,64,17.709159380834848,300.931,in_progress,0.0,0
90,12.0,3.4247293871525026,3.949031789482149,144.3290370427491,8.1,2.0,3,0.9212218037597032,False,True,4.672390597107401,65,17.709159380834848,300.997,in_progress,0.0,0
90,13.0,3.334497529283421,4.015502440093936,144.00671477548596,12.8,2.0,9,0.898686233449211,False,True,5.283299638885774,65,17.709159380834848,301.062,in_progress,0.0,0
90,14.0,3.2270696766456495,4.087783937646376,144.9534512157956,19.2,1.5,4,0.9056828936751508,False,True,6.150491561097271,66,17.709159380834848,301.126,in_progress,0.0,0
90,15.0,3.1133350870553107,4.149966216719397,147.9454658420993,14.4,2.0,10,0.7966991517724584,False,True,7.129817136170658,67,17.709159380834848,301.2,in_progress,0.0,0
90,16.0,3.0082370581911877,4.196905380911108,151.30648806548646,14.4,2.0,10,0.778333554987644,False,True,7.924843668685833,68,17.709159380834848,301.266,in_progress,0.0,0
90,17.0,2.8802589829407164,4.2426874720751515,155.59192013488166,12.8,2.0,9,0.7596823245705431,False,True,9.060644091235615,70,17.709159380834848,301.326,in_progress,0.0,0
90,18.0,2.7607626110588797,4.279358461697658,158.85918003319728,14.4,2.0,10,0.7793090471875989,False,True,9.993103029480032,71,17.709159380834848,301.391,in_progress,0.0,0
90,19.0,2.624758322856038,4.311802830900203,162.65653491089358,14.4,2.0,10,0.7768105526689286,False,True,10.778735417193165,72,17.709159380834848,301.462,in_progress,0.0,0
90,20.0,2.498903487445153,4.33259157718257,166.29837150261062,19.2,1.5,4,0.8667276337936662,False,True,11.489643483420187,73,17.709159380834848,301.528,in_progress,0.0,0
90,21.0,2.3609059698394157,4.343442034574087,170.89524376489143,6.9,1.6,1,0.7136176277015602,False,True,12.30253672877797,74,17.709159380834848,301.588,in_progress,0.0,0
90,22.0,2.237510305786666,4.342764628218581,175.14400630375403,-6.1,2.0,0,0.5801139447476111,False,True,12.996229891018828,74,17.709159380834848,301.661,in_progress,0.0,0
90,23.0,2.117471044130731,4.344912988209516,176.7252577926773,30.0,1.4,11,0.8477667045174314,False,True,13.668188846076411,75,17.709159380834848,301.727,in_progress,0.0,0
90,24.0,1.995045379874825,4.353259935913966,176.4071853472889,19.2,1.5,4,0.8329328771695876,False,True,14.358134934627675,76,17.709159380834848,301.796,in_progress,0.0,0
90,25.0,1.8629267593920666,4.351268983880587,178.46204548850065,30.0,1.4,11,0.9135134770317572,False,True,15.104210680189368,77,17.709159380834848,301.858,in_progress,0.0,0
90,26.0,1.7728806872140788,4.344484181633999,-179.5308757643686,30.0,1.4,11,0.8766605667181822,False,True,15.617703599728838,77,17.709159380834848,301.93,in_progress,0.0,0
90,27.0,1.6624836661727644,4.327568009558524,-176.17098144472178,30.0,1.4,11,0.8248193672261882,False,True,16.25075032310459,78,17.709159380834848,301.992,in_progress,0.0,0
90,28.0,1.557738302336048,4.30398704024008,-172.69337436001928,12.8,2.0,9,0.4952969256409596,False,True,16.84720215209712,79,17.709159380834848,302.065,in_progress,0.0,0
90,29.0,1.449183038519784,4.270202893957278,-168.51937453566512,30.0,1.4,11,0.739971664007913,False,True,17.499351582731435,80,17.709159380834848,302.117,in_progress,0.0,0
90,30.0,1.3516930166023395,4.232369167981652,-164.75586287835938,30.0,1.4,11,0.6709327909747614,False,True,18.305963481650533,81,17.709159380834848,302.2,in_progress,0.0,0
90,31.0,1.2447600006473536,4.184550089107049,-161.01736083326858,30.0,1.4,11,0.5174974011554826,False,True,19.25325955660967,82,17.709159380834848,302.261,in_progress,0.0,0
90,32.0,1.1547603114383707,4.135678203582488,-157.43365337873232,30.0,1.4,11,0.32047167490710793,False,True,20.02572978278403,83,17.709159380834848,302.328,in_progress,0.0,0
90,33.0,1.0595331898578089,4.077135319271056,-153.771294614925,30.0,1.4,11,0.024306099972450368,False,True,20.791416041886336,84,17.709159380834848,302.4,in_progress,0.0,0
90,34.0,0.9792517431501642,4.016825302727769,-149.76575443586717,8.1,2.0,3,0.01,False,True,21.468511009314128,84,17.709159380834848,302.463,in_progress,0.0,0
90,35.0,0.9006126064611015,3.947728539612386,-145.45400918163912,8.1,2.0,3,0.01,False,True,22.155708787864604,85,17.709159380834848,302.533,in_progress,0.0,0
90,36.0,0.8171269556204233,3.8605926197557854,-140.40323968782536,0.3,2.0,6,0.01,False,True,22.794331520565702,86,17.709159380834848,302.596,in_progress,0.0,0
90,37.0,0.7423738168158571,3.7755700441009257,-136.69970788167822,0.5,2.0,2,0.01,False,True,23.430252806503958,87,17.709159380834848,302.663,in_progress,0.0,0
90,38.0,0.654931646025229,3.6760221395086488,-134.15183169308995,-10.8,2.0,8,0.01,False,True,24.0345144900603,87,17.709159380834848,302.729,in_progress,0.0,0
90,39.0,0.5715282542055314,3.5862492967779724,-133.69927466595306,-5.7,1.7,7,0.01,False,True,24.562422081597145,88,17.709159380834848,302.796,in_progress,0.0,0
90,40.0,0.47648908880610885,3.4945137612834887,-134.77586617886752,0.3,2.0,6,0.01,False,True,24.97766854083775,88,17.709159380834848,302.859,in_progress,0.0,0
90,41.0,0.38238540203818705,3.4102100559007593,-136.34088227026226,8.1,2.0,3,0.01,False,True,25.42571899217736,89,17.709159380834848,302.927,in_progress,0.0,0
90,42.0,0.2937981888427253,3.326816318510859,-136.51119721768163,8.1,2.0,3,0.01,False,False,25.643581824399362,89,17.709159380834848,302.992,in_progress,0.0,0
90,43.0,0.2003136210227845,3.2297438236910585,-135.27494144304936,-5.7,1.7,7,0.01,False,False,26.109580329834657,90,17.709159380834848,303.057,in_progress,0.0,0
90,44.0,0.106263127426671,3.1339961300147183,-134.92944763229573,-5.7,1.7,7,0.01,True,False,26.29097904556903,90,17.709159380834848,303.129,off_track,0.0,0
91,1.0,3.4182800554255763,4.19887119444194,129.03736376932864,6.9,1.6,1,0.0,False,True,0.7912719991647554,66,17.709159380834848,303.261,prepare,0.0,0
91,2.0,3.4183597645600035,4.198771344193373,129.02850330762408,12.8,2.0,9,0.01,False,True,0.7905505554073211,66,17.709159380834848,303.33,in_progress,0.0,0
91,3.0,3.412632936567964,4.206383400551084,128.95933892117097,-5.7,1.7,7,0.01,False,True,0.8443081698517152,66,17.709159380834848,303.396,in_progress,0.0,0
91,4.0,3.4002219689357185,4.227787418257778,128.02936098506606,12.8,2.0,9,0.01,False,True,0.9787784711459135,66,17.709159380834848,303.467,in_progress,0.0,0
91,5.0,3.3778727909531314,4.256325401988017,128.09225420868992,-6.1,2.0,0,0.01,False,True,1.1810851454954086,66,17.709159380834848,303.531,in_progress,0.0,0
91,6.0,3.347354809821357,4.296374043079825,127.9227760747309,14.4,2.0,10,0.01,False,True,1.4615099651815622,67,17.709159380834848,303.595,in_progress,0.0,0
91,7.0,3.307268965279394,4.349741329859601,127.75672984145727,-5.7,1.7,7,0.01,False,True,1.797881215654873,67,17.709159380834848,303.662,in_progress,0.0,0
91,8.0,3.2585009298291707,4.410600766204482,127.99627523146054,8.1,2.0,3,0.01,False,True,2.213434160070993,68,17.709159380834848,303.723,in_progress,0.0,0
91,9.0,3.2106710683493467,4.482043749929765,126.53112896943486,8.1,2.0,3,0.01,False,True,2.6116063360363206,68,17.709159380834848,303.795,in_progress,0.0,0
91,10.0,3.151503257669062,4.568546329031108,125.66929573258633,12.8,2.0,9,0.01,False,True,3.114270467590885,69,17.709159380834848,303.86,in_progress,0.0,0
91,11.0,3.084756659364558,4.656216466117823,126.31209929330343,8.1,2.0,3,0.01,False,True,3.422521038273285,69,17.709159380834848,303.928,in_progress,0.0,0
91,12.0,3.0071323613513465,4.750209525567957,127.67332320211919,8.1,2.0,3,0.01,False,True,3.91429766917637,69,17.709159380834848,303.992,in_progress,0.0,0
91,13.0,2.931174127174133,4.8396691370428995,128.79527412622545,30.0,1.4,11,0.01,False,True,4.433139142211118,70,17.709159380834848,304.065,in_progress,0.0,0
91,14.0,2.8474491060315246,4.927917162177527,130.8069725312084,0.3,2.0,6,0.01,False,False,4.480378284388031,70,17.709159380834848,304.126,in_progress,0.0,0
91,15.0,2.7605452129594164,5.016671469659633,132.25189614227153,-0.3,2.0,5,0.01,False,False,5.061270733486789,71,17.709159380834848,304.197,in_progress,0.0,0
91,16.0,2.688375287644317,5.110712902117586,130.18243158920254,-5.7,1.7,7,0.01,True,False,5.477284831782702,72,17.709159380834848,304.259,off_track,0.0,0
92,1.0,2.622970717174616,4.497833579702149,179.10475793556137,14.4,2.0,10,0.0,False,True,0.7909142954828918,72,17.709159380834848,304.394,prepare,0.0,0
92,2.0,2.623036002067159,4.497829514428474,179.0787557474804,30.0,1.4,11,0.15477397465256315,False,True,0.7905456002215816,72,17.709159380834848,304.458,in_progress,0.0,0
92,3.0,2.613388835202186,4.498832803911028,178.79190256862736,30.0,1.4,11,0.16395199876982547,False,True,0.845032313407601,72,17.709159380834848,304.527,in_progress,0.0,0
92,4.0,2.433649470762284,4.365699271473137,-156.46016096604995,6.9,1.6,1,0.8961618658651054,False,True,1.8584898438508302,73,17.709159380834848,304.787,in_progress,0.0,0
92,5.0,2.4251774007625624,4.356454664213225,-155.12463849200117,0.3,2.0,6,0.9191864213996583,False,True,1.937156052605804,73,17.709159380834848,304.798,in_progress,0.0,0
92,6.0,2.417261105728778,4.348252591373727,-154.0544094667799,30.0,1.4,11,0.3602383257602165,False,True,1.9835280409217004,73,17.709159380834848,304.852,in_progress,0.0,0
92,7.0,2.3630097738421956,4.2782089441709985,-145.32889927513267,30.0,1.4,11,0.01,False,True,2.3041889001518046,74,17.709159380834848,304.927,in_progress,0.0,0
92,8.0,2.3243161808730584,4.205278757779325,-136.7840778495634,0.3,2.0,6,0.01,False,True,2.537656046901149,74,17.709159380834848,304.993,in_progress,0.0,0
92,9.0,2.2807874911600092,4.12265778056414,-130.07608175390538,-5.7,1.7,7,0.01,False,True,2.7935141895282345,74,17.709159380834848,305.062,in_progress,0.0,0
92,10.0,2.2163482014359452,4.042043729331076,-129.5762501288895,-0.3,2.0,5,0.01,False,False,3.172395153077001,75,17.709159380834848,305.128,in_progress,0.0,0
92,11.0,2.150455097900288,3.968271322859146,-130.41399462883007,-0.3,2.0,5,0.01,False,False,3.5395804887046634,75,17.709159380834848,305.196,in_progress,0.0,0
92,12.0,2.0753742753603377,3.885138899071279,-131.13499699347352,-5.7,1.7,7,0.01,True,False,3.9760996770418555,76,17.709159380834848,305.267,off_track,0.0,0
93,1.0,1.7378074066695486,4.477050541999805,-178.46517187733681,8.1,2.0,3,0.0,False,True,0.7910755582479334,78,17.709159380834848,305.393,prepare,0.0,0
93,2.0,1.737869560669312,4.47703554623107,-178.45177979642168,30.0,1.4,11,0.01,False,True,0.7907275561411242,78,17.709159380834848,305.459,in_progress,0.0,0
93,3.0,1.728212580439663,4.4734821364644075,-177.7102202899563,30.0,1.4,11,0.01,False,True,0.8458878315172114,78,17.709159380834848,305.529,in_progress,0.0,0
93,4.0,1.7038263241996674,4.457514261204604,-174.07479214556355,30.0,1.4,11,0.01,False,True,0.9864776777807172,78,17.709159380834848,305.591,in_progress,0.0,0
93,5.0,1.673722217403784,4.43449588422686,-169.3756561678349,30.0,1.4,11,0.01,False,True,1.162508215912672,78,17.709159380834848,305.663,in_progress,0.0,0
93,6.0,1.633938894652668,4.401101711192168,-163.40154555291008,30.0,1.4,11,0.06800290584968427,False,True,1.3947222075198717,78,17.709159380834848,305.732,in_progress,0.0,0
93,7.0,1.5821714164170204,4.342370679923612,-154.09873868974066,19.2,1.5,4,0.7101032219134786,False,True,1.7004354981727365,79,17.709159380834848,305.795,in_progress,0.0,0
93,8.0,1.5406370508480003,4.289811990032495,-147.44212801637977,0.5,2.0,2,0.7589222455304044,False,True,1.9764245258837243,79,17.709159380834848,305.863,in_progress,0.0,0
93,9.0,1.4849070051847664,4.2289419325910576,-142.77277879215654,0.5,2.0,2,0.9791331978324431,False,True,2.3144988568510216,79,17.709159380834848,305.924,in_progress,0.0,0
93,10.0,1.4086825282216762,4.165871650932593,-141.95679484365002,0.5,2.0,2,0.8892496495463661,False,True,3.09556348410448,80,17.709159380834848,305.992,in_progress,0.0,0
93,11.0,1.3254449084009445,4.1035681017398264,-142.4967478962796,0.5,2.0,2,0.9276255495994671,False,True,4.078372237697103,82,17.709159380834848,306.06,in_progress,0.0,0
93,12.0,1.233530973218127,4.03707479815844,-143.19852532845118,-5.7,1.7,7,0.8003804092316873,False,False,5.0327654525998415,83,17.709159380834848,306.127,in_progress,0.0,0
93,13.0,1.1347350347588296,3.967643656538856,-143.93883270416868,19.2,1.5,4,0.9164994887088138,False,False,5.961446937309944,84,17.709159380834848,306.193,in_progress,0.0,0
93,14.0,1.046523180902079,3.904497308163839,-144.10098308328395,30.0,1.4,11,0.7683203924237579,False,False,6.783596282189164,85,17.709159380834848,306.272,in_progress,0.0,0
93,15.0,0.9452462600455789,3.817121957258622,-141.7722088582377,30.0,1.4,11,0.3611928538680502,False,True,7.73284884349933,86,17.709159380834848,306.325,in_progress,0.0,0
93,16.0,0.8833021549794973,3.7520919614808617,-139.01498134841296,0.5,2.0,2,0.01,False,True,8.391056291183407,87,17.709159380834848,306.386,in_progress,0.0,0
93,17.0,0.814119059215792,3.682288134955429,-137.50187302622584,12.8,2.0,9,0.01,False,True,8.958118264366776,87,17.709159380834848,306.462,in_progress,0.0,0
93,18.0,0.7290109495122438,3.5963342255462387,-136.21761665866077,-6.1,2.0,0,0.01,False,True,9.464923222162236,88,17.709159380834848,306.53,in_progress,0.0,0
93,19.0,0.646826930837467,3.5170768809607167,-136.2313941698195,8.1,2.0,3,0.01,False,True,9.899959567141813,88,17.709159380834848,306.597,in_progress,0.0,0
93,20.0,0.5480008369856271,3.4331513296801237,-137.86656849849055,-0.3,2.0,5,0.01,False,True,10.34450429822279,89,17.709159380834848,306.662,in_progress,0.0,0
93,21.0,0.4540516717058706,3.3596591067104122,-139.7177947428713,19.2,1.5,4,0.01,False,True,10.591012181190095,89,17.709159380834848,306.729,in_progress,0.0,0
93,22.0,0.35826253149756837,3.2803758661121902,-139.92484435298286,8.1,2.0,3,0.01,False,True,10.955732552036002,90,17.709159380834848,306.795,in_progress,0.0,0
93,23.0,0.2703410885722312,3.19253306524297,-137.72327426614498,-10.8,2.0,8,0.01,False,False,11.290979045569017,90,17.709159380834848,306.861,in_progress,0.0,0
93,24.0,0.18040921216534445,3.1057094339052767,-137.06701719073428,-5.7,1.7,7,0.01,False,False,11.481646678813718,90,17.709159380834848,306.928,in_progress,0.0,0
93,25.0,0.08701934608112455,3.031942745518379,-139.09440501987564,14.4,2.0,10,0.01,True,False,11.76179609073701,91,17.709159380834848,306.996,off_track,0.0,0
94,1.0,0.9302040681540107,4.196483533489084,-140.8237415164283,-6.1,2.0,0,0.0,False,True,0.786452810110172,84,17.709159380834848,307.132,prepare,0.0,0
94,2.0,0.930266220714033,4.1965788558385135,-140.81971425959725,-5.7,1.7,7,0.01,False,True,0.7858186978062065,84,17.709159380834848,307.194,in_progress,0.0,0
94,3.0,0.9266842769960499,4.192050548185269,-140.46441113669107,8.1,2.0,3,0.01,False,True,0.8183394727915183,84,17.709159380834848,307.256,in_progress,0.0,0
94,4.0,0.9116132813193805,4.177262388496631,-140.07380580006574,-10.8,2.0,8,0.01,False,True,0.9373915109249675,84,17.709159380834848,307.328,in_progress,0.0,0
94,5.0,0.8839825165857733,4.158087463746917,-140.77150485253765,-10.8,2.0,8,0.01,False,True,1.1225687370143178,84,17.709159380834848,307.395,in_progress,0.0,0
94,6.0,0.8352203210160014,4.134800499761683,-143.68695873539946,-0.3,2.0,5,0.01,False,True,1.3684382379054338,84,17.709159380834848,307.468,in_progress,0.0,0
94,7.0,0.7785887357359188,4.104378167335378,-145.69782818611404,14.4,2.0,10,0.01,False,True,1.6892618639377743,85,17.709159380834848,307.526,in_progress,0.0,0
94,8.0,0.7153864698338622,4.060058370173272,-145.48974667936335,0.5,2.0,2,0.01,False,True,2.0645496500008798,85,17.709159380834848,307.593,in_progress,0.0,0
94,9.0,0.6453003585687902,4.004827852126249,-144.31685967050527,-6.1,2.0,0,0.01,False,True,2.431301634100358,85,17.709159380834848,307.663,in_progress,0.0,0
94,10.0,0.5528115478610935,3.9449844425427494,-145.49767547247842,-5.7,1.7,7,0.01,False,True,2.910841910128137,86,17.709159380834848,307.726,in_progress,0.0,0
94,11.0,0.4570232516956575,3.8868447865847466,-146.81506935942784,-5.7,1.7,7,0.01,False,True,3.1578961756156376,86,17.709159380834848,307.797,in_progress,0.0,0
94,12.0,0.36118804460925047,3.8319200358158203,-148.1797068743104,14.4,2.0,10,0.01,False,False,3.575750676874978,87,17.709159380834848,307.861,in_progress,0.0,0
94,13.0,0.26114438705085763,3.7676002527275574,-147.73779628934977,-0.3,2.0,5,0.01,False,False,3.7502800887223797,87,17.709159380834848,307.929,in_progress,0.0,0
94,14.0,0.16708298746944625,3.6930057173448914,-145.10654333621807,12.8,2.0,9,0.01,False,False,4.064515397656088,87,17.709159380834848,307.998,in_progress,0.0,0
94,15.0,0.06893449246241595,3.5987990847356817,-140.8828206121628,0.3,2.0,6,0.01,True,False,4.602514065975893,88,17.709159380834848,308.063,off_track,0.0,0
95,1.0,0.7181928222522842,3.3627084198022206,-87.01303673664813,14.4,2.0,10,0.0,False,True,0.7897912685195241,89,17.709159380834848,308.195,prepare,0.0,0
95,2.0,0.7180821909870879,3.362825209256947,-87.04823796134703,30.0,1.4,11,0.12263377134852504,False,True,0.7890483310219576,89,17.709159380834848,308.263,in_progress,0.0,0
95,3.0,0.7210904585389853,3.3547809698715754,-86.50561352928604,30.0,1.4,11,0.15831317695922664,False,True,0.8364523967269388,89,17.709159380834848,308.333,in_progress,0.0,0
95,4.0,0.737433971717711,3.3345927780016673,-82.821397735082,0.5,2.0,2,0.01,False,True,0.9626048160701228,90,17.709159380834848,308.394,in_progress,0.0,0
95,5.0,0.7573579863727298,3.3056542318004962,-79.01639099581915,30.0,1.4,11,0.2505443430765202,False,True,1.140574172210873,90,17.709159380834848,308.46,in_progress,0.0,0
95,6.0,0.7784216823728769,3.2646205910042565,-76.02930838132394,6.9,1.6,1,0.4373671320426531,False,True,1.4075901276666691,90,17.709159380834848,308.537,in_progress,0.0,0
95,7.0,0.8158252858388712,3.20458233451036,-71.22385004885275,-0.3,2.0,5,0.7219765185626231,False,True,1.7869189201624058,91,17.709159380834848,308.597,in_progress,0.0,0
95,8.0,0.8473387723276904,3.144617203998542,-68.86215635559165,-0.3,2.0,5,0.9859257549735568,False,True,2.1733288335175294,91,17.709159380834848,308.665,in_progress,0.0,0
95,9.0,0.8882107345380699,3.0680130431995076,-66.63693411475072,-10.8,2.0,8,0.927378418339404,False,True,2.6522103694868737,92,17.709159380834848,308.727,in_progress,0.0,0
95,10.0,0.9264350516465255,2.977203792020497,-66.94550593682177,-10.8,2.0,8,0.7368262028935398,False,True,3.186779357786551,92,17.709159380834848,308.796,in_progress,0.0,0
95,11.0,0.9588319017562659,2.8632004391414068,-70.11264090608269,-10.8,2.0,8,0.6685514288070359,False,True,3.8410429966744597,93,17.709159380834848,308.871,in_progress,0.0,0
95,12.0,0.9874768930831183,2.7295202498090254,-73.8439787761351,-10.8,2.0,8,0.6764456000720589,False,True,4.609340584477506,94,17.709159380834848,308.923,in_progress,0.0,0
95,13.0,1.0021849040058897,2.6263082393963897,-77.05932022168064,-6.1,2.0,0,0.681498703993141,False,True,5.189187624069758,95,17.709159380834848,308.993,in_progress,0.0,0
95,14.0,1.0163472263239444,2.490125346494656,-80.44697074405957,0.5,2.0,2,0.7289226702905267,False,True,5.958568126506503,96,17.709159380834848,309.07,in_progress,0.0,0
95,15.0,1.0309080028239817,2.343372453862816,-82.3952215988019,0.3,2.0,6,0.9172514844628762,False,True,6.786671296544022,96,17.709159380834848,309.126,in_progress,0.0,0
95,16.0,1.0401077208668252,2.224682176871664,-83.77264846106506,6.9,1.6,1,0.9868681770802606,False,True,7.453503082793511,97,17.709159380834848,309.189,in_progress,0.0,0
95,17.0,1.0523649366239207,2.1008503337707816,-84.02769811506077,19.2,1.5,4,0.9558410936109807,False,True,8.152264146916243,98,17.709159380834848,309.26,in_progress,0.0,0
95,18.0,1.0719806440634918,1.9799207833943155,-82.58088756494564,19.2,1.5,4,0.9246553420001726,False,True,8.843398155690396,99,17.709159380834848,309.331,in_progress,0.0,0
95,19.0,1.106593132732036,1.8630272646199395,-78.62944685668538,14.4,2.0,10,0.8322992823686536,False,True,9.529311996532064,100,17.709159380834848,309.398,in_progress,0.0,0
95,20.0,1.1454375499847493,1.7628310075855957,-74.74709297139336,30.0,1.4,11,0.8793619146229257,False,True,10.128018923555526,100,17.709159380834848,309.459,in_progress,0.0,0
95,21.0,1.1975397649861568,1.6570737214590376,-70.10907861383721,30.0,1.4,11,0.8160952580991809,False,True,10.77389576607316,101,17.709159380834848,309.529,in_progress,0.0,0
95,22.0,1.251228883723903,1.5700364167555778,-65.69315455833333,0.5,2.0,2,0.7861000778456232,False,True,11.317198797103078,102,17.709159380834848,309.595,in_progress,0.0,0
95,23.0,1.306627858957678,1.4676977435311227,-64.12960106815683,12.8,2.0,9,0.9668914374391229,False,True,11.953157157842586,103,17.709159380834848,309.66,in_progress,0.0,0
95,24.0,1.3576412534333129,1.3660712739486511,-63.798053369813076,14.4,2.0,10,0.8829488766739253,False,True,12.650313099030551,103,17.709159380834848,309.73,in_progress,0.0,0
95,25.0,1.4289184941270239,1.2521630383374247,-61.0764895714469,19.2,1.5,4,0.8736108565445009,False,True,13.494076186052496,104,17.709159380834848,309.794,in_progress,0.0,0
95,26.0,1.4980561830015495,1.161376488882169,-57.55753340752076,30.0,1.4,11,0.9887574260368454,False,True,14.46185163608913,106,17.709159380834848,309.864,in_progress,0.0,0
95,27.0,1.5787988212256272,1.0748891166706342,-53.01196959162048,30.0,1.4,11,0.9198179526074204,False,True,15.290576180150905,107,17.709159380834848,309.927,in_progress,0.0,0
95,28.0,1.650326806902724,1.0102702102040033,-49.11774676100032,30.0,1.4,11,0.8497321819587461,False,True,16.324427254518504,108,17.709159380834848,310.007,in_progress,0.0,0
95,29.0,1.7602255899458552,0.9260857281206715,-43.62163577909922,30.0,1.4,11,0.7788848169105741,False,True,17.280115282316455,109,17.709159380834848,310.064,in_progress,0.0,0
95,30.0,1.824796263521619,0.8833315004243065,-40.62918294801281,30.0,1.4,11,0.7459527878787058,False,True,17.81365595721407,110,17.709159380834848,310.128,in_progress,0.0,0
95,31.0,1.904948342951422,0.8386037792034639,-36.684450812974504,30.0,1.4,11,0.704233255918129,False,True,18.35850009294684,110,17.709159380834848,310.202,in_progress,0.0,0
95,32.0,2.0084257449139415,0.7930805666626782,-31.38864182063802,0.3,2.0,6,0.22203253894941277,False,True,18.97347119765328,111,17.709159380834848,310.266,in_progress,0.0,0
95,33.0,2.086268006473363,0.7578702680355608,-29.143399065461463,12.8,2.0,9,0.3722887700325518,False,True,19.464664583594203,111,17.709159380834848,310.334,in_progress,0.0,0
95,34.0,2.194727400741389,0.701594395875178,-28.3724136177832,12.8,2.0,9,0.12673793132898414,False,True,20.111212707930736,112,17.709159380834848,310.396,in_progress,0.0,0
95,35.0,2.288894930803131,0.660663571294509,-26.546169142811124,19.2,1.5,4,0.06694650033016125,False,True,20.647312586366308,113,17.709159380834848,310.464,in_progress,0.0,0
95,36.0,2.4129545319054473,0.6213770222688046,-22.394219461983198,14.4,2.0,10,0.01,False,True,21.336544411233415,114,17.709159380834848,310.525,in_progress,0.0,0
95,37.0,2.535704369899316,0.5960575305426316,-17.57614352008577,12.8,2.0,9,0.01,False,True,22.02591991136633,114,17.709159380834848,310.595,in_progress,0.0,0
95,38.0,2.6398305185826207,0.5781165928965546,-14.610618352109444,12.8,2.0,9,0.01,False,True,22.61966454702591,115,17.709159380834848,310.66,in_progress,0.0,0
95,39.0,2.7706904257545197,0.5658437804146362,-10.333742059646323,14.4,2.0,10,0.01,False,True,23.367950181007878,116,17.709159380834848,310.725,in_progress,0.0,0
95,40.0,2.8917103125859125,0.5630533770549152,-6.406489037498275,14.4,2.0,10,0.01,False,True,24.051327630726107,117,17.709159380834848,310.795,in_progress,0.0,0
95,41.0,3.0426762285968607,0.5739689813819715,-0.9284329497452315,19.2,1.5,4,0.40821812816921366,False,True,24.905883199478986,118,17.709159380834848,310.857,in_progress,0.0,0
95,42.0,3.163924082599412,0.5949906673768949,3.857640070609124,30.0,1.4,11,0.9322262834124367,False,True,25.58675645689455,1,17.709159380834848,310.925,in_progress,0.0,0
95,43.0,3.268932994178658,0.6227219719837624,8.378143529095702,-5.7,1.7,7,0.6382506013732352,False,True,26.180788224264802,1,17.709159380834848,311.0,in_progress,0.0,0
95,44.0,3.385798604987653,0.6495257942046746,10.273434744861747,-10.8,2.0,8,0.767914313762485,False,True,26.841179753462313,2,17.709159380834848,311.062,in_progress,0.0,0
95,45.0,3.495959757708841,0.6594480990348094,8.125009824362358,-10.8,2.0,8,0.798918426862859,False,True,27.463251430546237,3,17.709159380834848,311.124,in_progress,0.0,0
95,46.0,3.6198384156839998,0.6563623901667708,3.779078482090298,0.5,2.0,2,0.8927321392086064,False,True,28.162742705086828,4,17.709159380834848,311.199,in_progress,0.0,0
95,47.0,3.755674196168611,0.6474327507670908,0.2254093696619527,19.2,1.5,4,0.9143747444209253,False,True,28.929764017216314,5,17.709159380834848,311.263,in_progress,0.0,0
95,48.0,3.8699080442186755,0.6457256065447583,-0.25890381657390144,6.9,1.6,1,0.8511326023161631,False,True,29.574821062870797,5,17.709159380834848,311.324,in_progress,0.0,0
95,49.0,3.9896369443952295,0.6547134835412117,1.7207671510334985,0.5,2.0,2,0.8285431095431355,False,True,30.250923346136304,6,17.709159380834848,311.393,in_progress,0.0,0
95,50.0,4.106884699914936,0.6744554120629047,5.068218484658487,0.5,2.0,2,0.9884875871388628,False,True,30.91303612813664,7,17.709159380834848,311.476,in_progress,0.0,0
95,51.0,4.2515743827301575,0.7103484709375614,9.609090804005016,-0.3,2.0,5,0.7576005041188749,False,True,31.730140483274354,8,17.709159380834848,311.529,in_progress,0.0,0
95,52.0,4.360379019761759,0.7415955140260826,12.249457906691479,-0.3,2.0,5,0.544504602866135,False,True,32.34460230195724,9,17.709159380834848,311.596,in_progress,0.0,0
95,53.0,4.497141082247538,0.7831270977952689,14.553934203129147,-10.8,2.0,8,0.4279820124829605,False,True,33.11695173835025,10,17.709159380834848,311.661,in_progress,0.0,0
95,54.0,4.615797251303173,0.8165441693320139,14.991382353839764,-0.3,2.0,5,0.045518053470462116,False,True,33.7870548622428,10,17.709159380834848,311.728,in_progress,0.0,0
95,55.0,4.744463811768708,0.8510599540766939,15.019963525526475,30.0,1.4,11,0.01,False,True,34.51369635381917,11,17.709159380834848,311.801,in_progress,0.0,0
95,56.0,5.206392108329055,1.0432556036802492,24.496580307769214,0.5,2.0,2,0.01,False,False,37.12236049213319,14,17.709159380834848,312.036,in_progress,0.0,0
95,57.0,5.227677309224543,1.0572522193638423,25.48577808448789,-10.8,2.0,8,0.01,False,False,37.24257752889073,14,17.709159380834848,312.063,in_progress,0.0,0
95,58.0,5.269816225804756,1.080431977306813,26.102079977291538,0.5,2.0,2,0.01,False,False,37.48056688574177,15,17.709159380834848,312.129,in_progress,0.0,0
95,59.0,5.370761244559808,1.1310761593227654,26.25678733475113,0.3,2.0,6,0.01,False,False,38.05103956159985,15,17.709159380834848,312.197,in_progress,0.0,0
95,60.0,5.491542038274203,1.1883906481033946,25.776173232059307,8.1,2.0,3,0.01,False,False,38.736102473826236,16,17.709159380834848,312.264,in_progress,0.0,0
95,61.0,5.588333293298754,1.2383967932972635,26.397083351133013,30.0,1.4,11,0.01,True,False,39.28307595321604,17,17.709159380834848,312.331,off_track,0.0,0
96,1.0,0.9214472856313256,2.50066948362961,-78.23754238869431,30.0,1.4,11,0.0,False,True,0.7915238784393597,95,17.709159380834848,312.467,prepare,0.0,0
96,2.0,0.921196262583346,2.5007933490945025,-78.3070481993574,6.9,1.6,1,0.841277129811884,False,True,0.7905513493415839,95,17.709159380834848,312.544,in_progress,0.0,0
96,3.0,0.9227648290988566,2.489210095194229,-78.51861649750984,0.5,2.0,2,0.7279794799830774,False,True,0.8563961411751309,95,17.709159380834848,312.593,in_progress,0.0,0
96,4.0,0.9304537945764052,2.4682059400511998,-77.72049071681327,6.9,1.6,1,0.861789171098206,False,True,0.9813451824634001,96,17.709159380834848,312.66,in_progress,0.0,0
96,5.0,0.9428028388945718,2.4305118668509764,-76.815216569674,6.9,1.6,1,0.9002376912403387,False,True,1.2039178089385483,96,17.709159380834848,312.727,in_progress,0.0,0
96,6.0,0.9608937600458778,2.3876474793160454,-75.00231021200375,0.5,2.0,2,0.8671475568037359,False,True,1.461653056862744,96,17.709159380834848,312.796,in_progress,0.0,0
96,7.0,0.9855179638116687,2.323566016261255,-73.41177160673041,0.5,2.0,2,0.9342422314115697,False,True,1.844191921579852,97,17.709159380834848,312.858,in_progress,0.0,0
96,8.0,1.0161260105017291,2.24878453198608,-71.68149262046029,-0.3,2.0,5,0.997976596825144,False,True,2.292756786275163,97,17.709159380834848,312.926,in_progress,0.0,0
96,9.0,1.0493564091671062,2.1653739419793516,-70.55861933104954,-0.3,2.0,5,0.9441222007500488,False,True,2.7920350418114803,98,17.709159380834848,312.996,in_progress,0.0,0
96,10.0,1.0917911530986473,2.0619997884107333,-69.47084042660299,-0.3,2.0,5,0.8920465399130125,False,True,3.4122590093844773,98,17.709159380834848,313.063,in_progress,0.0,0
96,11.0,1.135908772173307,1.9564358641679873,-68.63143882760825,-6.1,2.0,0,0.9531910853648371,False,True,4.046339102939345,99,17.709159380834848,313.136,in_progress,0.0,0
96,12.0,1.1816063851442244,1.837587078158629,-68.87417793771785,-6.1,2.0,0,0.9907672489978718,False,True,4.755820032207736,100,17.709159380834848,313.196,in_progress,0.0,0
96,13.0,1.2200317604441462,1.7331558823995499,-69.30903051644846,-6.1,2.0,0,0.9337976990636505,False,True,5.37766626446018,101,17.709159380834848,313.268,in_progress,0.0,0
96,14.0,1.2632705789885907,1.5989547329674554,-70.72673061745,0.5,2.0,2,0.8586685696371544,False,True,6.171366212361251,102,17.709159380834848,313.328,in_progress,0.0,0
96,15.0,1.301475248865402,1.483748195854173,-71.17414081527659,30.0,1.4,11,0.8346335273132963,False,True,6.858416420224467,102,17.709159380834848,313.392,in_progress,0.0,0
96,16.0,1.3482469052930002,1.3534959454500992,-70.74638627903965,30.0,1.4,11,0.9320222562835808,False,True,7.7037171876248145,103,17.709159380834848,313.461,in_progress,0.0,0
96,17.0,1.3907212102145552,1.2496623193587082,-69.50210989912108,30.0,1.4,11,0.718321901585518,False,True,8.42885570533436,104,17.709159380834848,313.529,in_progress,0.0,0
96,18.0,1.4367016089401334,1.150653243600408,-67.7520375247866,30.0,1.4,11,0.45943078307178764,False,True,9.310106790828254,105,17.709159380834848,313.592,in_progress,0.0,0
96,19.0,1.4902488979907262,1.0498929319475596,-65.40994389483615,30.0,1.4,11,0.16552097532972898,False,True,10.05985313930281,106,17.709159380834848,313.664,in_progress,0.0,0
96,20.0,1.5483065434830066,0.9590924326680297,-62.3055259671546,-6.1,2.0,0,0.01,False,True,10.950061641406329,107,17.709159380834848,313.729,in_progress,0.0,0
96,21.0,1.6036958901497722,0.8684898342070179,-61.02333305736481,8.1,2.0,3,0.01,False,True,11.465606651089288,108,17.709159380834848,313.796,in_progress,0.0,0
96,22.0,1.6677021686235485,0.7612552588699567,-60.191286982320946,0.5,2.0,2,0.01,False,True,12.081374270076273,109,17.709159380834848,313.862,in_progress,0.0,0
96,23.0,1.7345142080738063,0.6636945776499643,-58.28778051235643,-5.7,1.7,7,0.01,False,True,12.570433157159888,109,17.709159380834848,313.93,in_progress,0.0,0
96,24.0,1.8103306109180746,0.5542419726388392,-56.86098347186566,-5.7,1.7,7,0.01,False,True,13.116751609755827,110,17.709159380834848,313.998,in_progress,0.0,0
96,25.0,1.8709339017918247,0.46276126247646854,-56.724771804400845,0.3,2.0,6,0.01,False,True,13.470659037413446,110,17.709159380834848,314.061,in_progress,0.0,0
96,26.0,1.9370382583288073,0.36517496957693424,-56.37533797668475,-10.8,2.0,8,0.01,False,True,13.918615683408031,111,17.709159380834848,314.126,in_progress,0.0,0
96,27.0,2.007286242297445,0.2591394107792083,-56.47293050895229,0.3,2.0,6,0.01,False,False,14.248742975131346,111,17.709159380834848,314.192,in_progress,0.0,0
96,28.0,2.0755001757045997,0.15074291461091774,-57.11320553766388,0.5,2.0,2,0.01,False,False,14.682347103164506,112,17.709159380834848,314.267,in_progress,0.0,0
96,29.0,2.1531674080300447,0.03515866425349594,-56.59697369098095,0.3,2.0,6,0.01,True,False,14.949092900241912,112,17.709159380834848,314.33,off_track,0.0,0
97,1.0,1.100936388080548,1.6334959061639025,-78.25955760944082,-0.3,2.0,5,0.0,False,True,0.7920671003832869,101,17.709159380834848,314.458,prepare,0.0,0
97,2.0,1.1008750492118848,1.6337574039001346,-78.27851755465018,30.0,1.4,11,0.32089817821184097,False,True,0.7905508113053017,101,17.709159380834848,314.525,in_progress,0.0,0
97,3.0,1.1045115424257388,1.626115513874131,-77.9554452900288,30.0,1.4,11,0.316406135995454,False,True,0.8370023762761081,101,17.709159380834848,314.598,in_progress,0.0,0
97,4.0,1.1232141430305382,1.605985430584992,-74.55672906853918,30.0,1.4,11,0.4355051499673518,False,True,0.9699533005378624,101,17.709159380834848,314.663,in_progress,0.0,0
97,5.0,1.1474576153284102,1.5844031759970922,-70.27384091172597,30.0,1.4,11,0.6316710787961075,False,True,1.117360386415056,102,17.709159380834848,314.732,in_progress,0.0,0
97,6.0,1.190549926280442,1.5510845582730552,-63.405911127844625,30.0,1.4,11,0.9145750141094497,False,True,1.3515025646115064,102,17.709159380834848,314.795,in_progress,0.0,0
97,7.0,1.2458275869371842,1.517585742940869,-55.45204309112312,0.3,2.0,6,0.7597053226896402,False,True,1.605099156368528,102,17.709159380834848,314.86,in_progress,0.0,0
97,8.0,1.308740102452817,1.476517975567319,-49.09565210956037,-5.7,1.7,7,0.950432423189636,False,True,1.9070093110294173,103,17.709159380834848,314.93,in_progress,0.0,0
97,9.0,1.3679283602927246,1.416038383409741,-48.02903057083323,-5.7,1.7,7,0.9487181460769404,False,True,2.395543535737432,103,17.709159380834848,314.995,in_progress,0.0,0
97,10.0,1.4234780500948843,1.3419145246742148,-49.91251398543341,0.5,2.0,2,0.9049344242517567,False,True,2.884964985590799,104,17.709159380834848,315.059,in_progress,0.0,0
97,11.0,1.4819009127832523,1.2595642006210892,-51.730738911194166,0.5,2.0,2,0.9728798684080585,False,True,3.5638537199066733,104,17.709159380834848,315.128,in_progress,0.0,0
97,12.0,1.5477819055942295,1.1625591448154815,-53.500719224350554,12.8,2.0,9,0.9555804096569982,False,True,4.619362995873155,106,17.709159380834848,315.195,in_progress,0.0,0
97,13.0,1.6202621575513714,1.0697971129430337,-52.874314284099,30.0,1.4,11,0.9732118665061422,False,True,6.017296704843023,107,17.709159380834848,315.266,in_progress,0.0,0
97,14.0,1.701093241736513,0.9826915123613649,-50.46985081143182,30.0,1.4,11,0.8332915383650328,False,True,6.861778391091411,108,17.709159380834848,315.326,in_progress,0.0,0
97,15.0,1.7732566794252582,0.9154018315559039,-47.684352076673186,30.0,1.4,11,0.6788934207180326,False,True,7.491545132044308,109,17.709159380834848,315.413,in_progress,0.0,0
97,16.0,1.888106638059367,0.8286938622891059,-42.402634789228834,8.1,2.0,3,0.14142438135678848,False,True,8.272338066886697,110,17.709159380834848,315.46,in_progress,0.0,0
97,17.0,1.9475583417581277,0.7894811874553583,-39.90137725652576,0.3,2.0,6,0.01,False,True,8.636164213930664,110,17.709159380834848,315.534,in_progress,0.0,0
97,18.0,2.045150540278219,0.7249306823145261,-37.265848573959175,30.0,1.4,11,0.07156992614786573,False,True,9.248347184299277,111,17.709159380834848,315.592,in_progress,0.0,0
97,19.0,2.1325300077295517,0.6747115885010976,-34.50580350638625,-10.8,2.0,8,0.01,False,True,9.763151576473362,112,17.709159380834848,315.657,in_progress,0.0,0
97,20.0,2.229200276707273,0.6193719724659515,-32.66795335382948,14.4,2.0,10,0.01,False,True,10.31478477326787,112,17.709159380834848,315.73,in_progress,0.0,0
97,21.0,2.3347989278836625,0.5580046231478879,-31.53143604159466,30.0,1.4,11,0.01,False,True,10.882918658284357,113,17.709159380834848,315.795,in_progress,0.0,0
97,22.0,2.43757823394933,0.5098641336135007,-28.93465300679876,-0.3,2.0,5,0.01,False,True,11.453385994008446,114,17.709159380834848,315.861,in_progress,0.0,0
97,23.0,2.5361324557315945,0.4569088083504762,-28.816478192837927,14.4,2.0,10,0.01,False,True,12.003570631403548,114,17.709159380834848,315.927,in_progress,0.0,0
97,24.0,2.641974524402289,0.3987468877637941,-28.812802271114883,-0.3,2.0,5,0.01,False,True,12.615885968581853,115,17.709159380834848,315.997,in_progress,0.0,0
97,25.0,2.7542222855156657,0.33405085197995565,-29.40898322670989,-6.1,2.0,0,0.01,False,False,13.243919093208733,116,17.709159380834848,316.067,in_progress,0.0,0
97,26.0,2.858923152391773,0.2644846630620783,-31.348762249711122,30.0,1.4,11,0.01,False,False,13.866497611805384,117,17.709159380834848,316.131,in_progress,0.0,0
97,27.0,2.9604006247705215,0.1974099006627176,-32.25883670318006,0.3,2.0,6,0.01,False,False,14.448920287744881,117,17.709159380834848,316.202,in_progress,0.0,0
97,28.0,3.066331677972719,0.13066702650143078,-32.37339518534681,30.0,1.4,11,0.01,False,False,15.027288422921586,0,17.709159380834848,316.259,in_progress,0.0,0
97,29.0,3.1604582563593393,0.07041791756795372,-32.48760040915754,-0.3,2.0,5,0.01,True,False,15.557711029286835,1,17.709159380834848,316.325,off_track,0.0,0
98,1.0,1.4530607391530825,0.841766198490848,-47.881254786074116,19.2,1.5,4,0.0,False,True,0.7840103195361436,107,17.709159380834848,316.464,prepare,0.0,0
98,2.0,1.453058105490823,0.8417807830286675,-47.872585269915376,-10.8,2.0,8,0.01,False,True,0.7839586981401636,107,17.709159380834848,316.535,in_progress,0.0,0
98,3.0,1.4595266108597251,0.83409846053026,-47.96588204844989,0.3,2.0,6,0.01,False,True,0.8365195351678456,107,17.709159380834848,316.595,in_progress,0.0,0
98,4.0,1.4765758055834477,0.8165301468908667,-47.84230874804653,-10.8,2.0,8,0.01,False,True,0.9679854668168564,107,17.709159380834848,316.668,in_progress,0.0,0
98,5.0,1.497786188034153,0.7870560615481244,-48.820310628810105,14.4,2.0,10,0.01,False,True,1.1516331798816837,108,17.709159380834848,316.733,in_progress,0.0,0
98,6.0,1.5309961912088272,0.7466918787322624,-49.20315826064777,-10.8,2.0,8,0.01,False,True,1.4239191134928886,108,17.709159380834848,316.792,in_progress,0.0,0
98,7.0,1.570376523318889,0.7008118123523973,-49.30032105456902,12.8,2.0,9,0.01,False,True,1.669154579910992,108,17.709159380834848,316.868,in_progress,0.0,0
98,8.0,1.6270196956738445,0.6417236798241057,-48.31436278418863,12.8,2.0,9,0.01,False,True,2.0786331790712986,109,17.709159380834848,316.926,in_progress,0.0,0
98,9.0,1.6927957670082499,0.5943270460120488,-44.43331160249428,-5.7,1.7,7,0.01,False,True,2.420652703010817,109,17.709159380834848,316.996,in_progress,0.0,0
98,10.0,1.7740707440032888,0.5327640694046112,-41.65263101644087,30.0,1.4,11,0.01,False,True,2.9413941632491114,110,17.709159380834848,317.064,in_progress,0.0,0
98,11.0,1.8505894632065967,0.4712216599301705,-40.52513864974125,-5.7,1.7,7,0.01,False,True,3.3501450068685212,110,17.709159380834848,317.129,in_progress,0.0,0
98,12.0,1.9327316254195004,0.4087766074249555,-39.33475697359315,30.0,1.4,11,0.01,False,True,3.859478071699196,111,17.709159380834848,317.195,in_progress,0.0,0
98,13.0,2.0172116952445287,0.3402545332337039,-39.26798246004269,30.0,1.4,11,0.01,False,True,4.267424735768854,111,17.709159380834848,317.266,in_progress,0.0,0
98,14.0,2.1089295610264758,0.28265258647338287,-36.45910578188542,-0.3,2.0,5,0.01,False,False,4.810030371353468,112,17.709159380834848,317.33,in_progress,0.0,0
98,15.0,2.199267520463673,0.22257728068177962,-35.48999770870101,30.0,1.4,11,0.01,False,False,5.188968738549171,112,17.709159380834848,317.393,in_progress,0.0,0
98,16.0,2.281432984174655,0.16714577789476223,-34.9913197656142,8.1,2.0,3,0.01,False,False,5.65888586176192,113,17.709159380834848,317.462,in_progress,0.0,0
98,17.0,2.3849769121346047,0.1123121435420742,-31.977451729063553,30.0,1.4,11,0.01,False,False,6.077689344489823,113,17.709159380834848,317.529,in_progress,0.0,0
98,18.0,2.4887327307936755,0.07103468616848403,-27.480588997461798,30.0,1.4,11,0.01,True,False,6.667370009810303,114,17.709159380834848,317.594,off_track,0.0,0
99,1.0,2.314762260409734,0.670997514375925,-1.0569813200765774,0.3,2.0,6,0.0,False,True,0.7922566840239731,113,17.709159380834848,317.732,prepare,0.0,0
99,2.0,2.314461313881184,0.670796075992849,-1.1041583585924633,30.0,1.4,11,0.8173867978233943,False,True,0.7905183955890682,113,17.709159380834848,317.789,in_progress,0.0,0
99,3.0,2.322026495312858,0.6722115684587502,-0.8327892804925926,30.0,1.4,11,0.8648065137060981,False,True,0.8334918180463169,113,17.709159380834848,317.862,in_progress,0.0,0
99,4.0,2.3404567096354194,0.6873716435753466,2.9108338652404195,6.9,1.6,1,0.6781300738482507,False,True,0.9405061204311393,113,17.709159380834848,317.929,in_progress,0.0,0
99,5.0,2.373460186795043,0.7021448298417213,5.989953135499443,-5.7,1.7,7,0.6871424033641309,False,True,1.129685141324921,113,17.709159380834848,317.998,in_progress,0.0,0
99,6.0,2.424702706314461,0.7135461573635367,7.343198237736361,-0.3,2.0,5,0.9228504241129912,False,True,1.4211239714591706,114,17.709159380834848,318.066,in_progress,0.0,0
99,7.0,2.4940672874227094,0.7259101890324337,8.089562518509346,-5.7,1.7,7,0.9815052786436457,False,True,1.814031535653482,114,17.709159380834848,318.13,in_progress,0.0,0
99,8.0,2.568692338951464,0.7409381134895624,9.035874957841669,-10.8,2.0,8,0.9422662735991223,False,True,2.237889212957389,115,17.709159380834848,318.193,in_progress,0.0,0
99,9.0,2.656365009503833,0.7525570979519254,8.519423964010615,-0.3,2.0,5,0.6478902096357935,False,True,2.728467306002147,115,17.709159380834848,318.252,in_progress,0.0,0
99,10.0,2.7612670326995215,0.7707148956292401,9.08049593720941,-5.7,1.7,7,0.564808545171558,False,True,3.314523872253461,116,17.709159380834848,318.319,in_progress,0.0,0
99,11.0,2.8746547955461472,0.7970310612015298,10.76197569214019,-10.8,2.0,8,0.39386961764663775,False,True,3.9547738285782175,117,17.709159380834848,318.386,in_progress,0.0,0
99,12.0,2.9878758342953216,0.8187503861779237,10.669164316134465,-5.7,1.7,7,0.08522535069860948,False,True,4.591480269463766,118,17.709159380834848,318.464,in_progress,0.0,0
99,13.0,3.1018052586174023,0.8414553215272129,10.952118174798766,-5.7,1.7,7,0.01,False,True,5.240437550414626,0,17.709159380834848,318.53,in_progress,0.0,0
99,14.0,3.2236054354599246,0.8629635251317861,10.513404949988411,0.3,2.0,6,0.01,False,True,5.926910481399588,1,17.709159380834848,318.601,in_progress,0.0,0
99,15.0,3.3466119921445516,0.8891803638018305,11.159985686372742,-0.3,2.0,5,0.01,False,True,6.621729228591548,2,17.709159380834848,318.659,in_progress,0.0,0
99,16.0,3.4611677328733372,0.9121150173430862,11.171832077434633,-10.8,2.0,8,0.01,False,True,7.267149713001231,3,17.709159380834848,318.73,in_progress,0.0,0
99,17.0,3.587057448938991,0.9331860769085486,10.30233632541949,30.0,1.4,11,0.01,False,True,7.978253715991684,4,17.709159380834848,318.792,in_progress,0.0,0
99,18.0,3.716494363540069,0.9518565302959616,9.329511091720077,-10.8,2.0,8,0.01,False,True,8.709165970250908,4,17.709159380834848,318.862,in_progress,0.0,0
99,19.0,3.828069031099515,0.966019679105876,8.363995207655346,-5.7,1.7,7,0.01,False,True,9.339193868708875,5,17.709159380834848,318.926,in_progress,0.0,0
99,20.0,3.942125211591854,0.9702842402331451,5.7935999884639315,-10.8,2.0,8,0.01,False,True,9.983254123513134,6,17.709159380834848,318.992,in_progress,0.0,0
99,21.0,4.057525023689052,0.9667170450424105,2.4761893497100966,-10.8,2.0,8,0.01,False,True,10.634885568595038,7,17.709159380834848,319.06,in_progress,0.0,0
99,22.0,4.184682327612734,0.9499180522896401,-2.1707092910635475,0.3,2.0,6,0.01,False,True,11.352893276247542,8,17.709159380834848,319.134,in_progress,0.0,0
99,23.0,4.3268335977031285,0.9306696638476804,-4.864891723906972,-5.7,1.7,7,0.01,False,True,12.155562103893004,8,17.709159380834848,319.193,in_progress,0.0,0
99,24.0,4.439539564543461,0.9185280257660198,-5.453919892686732,-6.1,2.0,0,0.01,False,True,12.791959668616855,9,17.709159380834848,319.262,in_progress,0.0,0
99,25.0,4.575051002179615,0.8974023023078298,-7.15556506755102,-6.1,2.0,0,0.01,False,True,13.557136966802148,10,17.709159380834848,319.326,in_progress,0.0,0
99,26.0,4.698020118424231,0.8727760326204759,-9.077227629366098,-6.1,2.0,0,0.01,False,True,14.251467249691004,11,17.709159380834848,319.405,in_progress,0.0,0
99,27.0,4.849976438716978,0.8353896590668208,-11.622569571237438,19.2,1.5,4,0.10351215971749239,False,True,15.109470489635058,12,17.709159380834848,319.459,in_progress,0.0,0
99,28.0,4.951056416193874,0.8097430256363242,-12.649342265301893,19.2,1.5,4,0.4060045685386273,False,True,15.680195662321708,13,17.709159380834848,319.526,in_progress,0.0,0
99,29.0,5.069021959725655,0.7917414368852624,-10.86019092290313,8.1,2.0,3,0.7744033394573775,False,True,16.346261151516245,13,17.709159380834848,319.599,in_progress,0.0,0
99,30.0,5.193263656827563,0.7842180301002297,-7.608425998505719,30.0,1.4,11,0.4821717639216122,False,True,17.047785097878815,14,17.709159380834848,319.662,in_progress,0.0,0
99,31.0,5.310727523371132,0.786289498790491,-3.9930236269621093,-6.1,2.0,0,0.9030243899788903,False,True,17.71116775711114,15,17.709159380834848,319.723,in_progress,0.0,0
99,32.0,5.424653484696041,0.7830678297618805,-3.1453401368175427,0.3,2.0,6,0.9151582695191132,False,True,18.35447612464452,16,17.709159380834848,319.794,in_progress,0.0,0
99,33.0,5.548930437488733,0.7703143232812419,-4.356153289765364,30.0,1.4,11,0.8005175840201377,False,True,19.056704349272252,17,17.709159380834848,319.86,in_progress,0.0,0
99,34.0,5.667785598968633,0.758302289219005,-4.967956658917936,30.0,1.4,11,0.9905969804232367,False,True,19.72700817894865,17,17.709159380834848,319.934,in_progress,0.0,0
99,35.0,5.781920304083823,0.7539705660642941,-3.7650514408429627,30.0,1.4,11,0.8435958374367951,False,True,20.369819104151716,18,17.709159380834848,319.997,in_progress,0.0,0
99,36.0,5.891474514904145,0.7597893065190019,-0.9986926760312561,30.0,1.4,11,0.7782063958104534,False,True,20.988290884067567,19,17.709159380834848,320.058,in_progress,0.0,0
99,37.0,5.991722124008232,0.7737837675252639,2.3739038326604556,30.0,1.4,11,0.7651492298704033,False,True,21.552078095071508,20,17.709159380834848,320.127,in_progress,0.0,0
99,38.0,6.110340880795701,0.8010939393884253,7.064519764181746,30.0,1.4,11,0.7857778183878892,False,True,22.24324693722501,20,17.709159380834848,320.196,in_progress,0.0,0
99,39.0,6.1971369033463635,0.8283538234817251,10.604474600286629,30.0,1.4,11,0.840548276329522,False,True,22.73714219575544,21,17.709159380834848,320.265,in_progress,0.0,0
99,40.0,6.298812646471572,0.8673511282394029,14.73359146140752,30.0,1.4,11,0.9155606205165194,False,True,23.373370111896335,22,17.709159380834848,320.328,in_progress,0.0,0
99,41.0,6.388216309627847,0.911119121116457,18.89861483206477,19.2,1.5,4,0.8312882810628287,False,True,23.959267980805393,22,17.709159380834848,320.403,in_progress,0.0,0
99,42.0,6.492433401995177,0.9715548448695919,23.7855321567165,19.2,1.5,4,0.9274631907071056,False,True,24.87006325421123,23,17.709159380834848,320.465,in_progress,0.0,0
99,43.0,6.564563969851047,1.0215458631703314,27.41408356474841,12.8,2.0,9,0.9000393741058337,False,True,25.601162825667714,24,17.709159380834848,320.533,in_progress,0.0,0
99,44.0,6.6627246127895585,1.104402818340123,33.219902408089226,12.8,2.0,9,0.9852455521688491,False,True,26.464069876248345,25,17.709159380834848,320.595,in_progress,0.0,0
99,45.0,6.734308378995451,1.1809385480100598,38.47393849380274,-5.7,1.7,7,0.7193504363182777,False,True,27.2567773680356,26,17.709159380834848,320.664,in_progress,0.0,0
99,46.0,6.814482107355952,1.267895051183803,42.13727204158458,-5.7,1.7,7,0.6365334950428976,False,False,28.271347839393286,28,17.709159380834848,320.727,in_progress,0.0,0
99,47.0,6.9058851094774,1.349226118387872,41.878155230655246,30.0,1.4,11,0.9134155514440581,False,False,29.154068350331087,29,17.709159380834848,320.805,in_progress,0.0,0
99,48.0,7.006688726987891,1.4421440634493417,42.37760179579165,30.0,1.4,11,0.4337962583198388,False,True,30.032389581850566,30,17.709159380834848,320.862,in_progress,0.0,0
99,49.0,7.0630014310542855,1.506194602688724,44.42310960849159,30.0,1.4,11,0.1362389563514047,False,True,30.611837637139544,30,17.709159380834848,320.93,in_progress,0.0,0
99,50.0,7.128920875699566,1.5905950407682043,47.40252143270431,12.8,2.0,9,0.01,False,True,31.17163898782873,31,17.709159380834848,321.0,in_progress,0.0,0
99,51.0,7.192466612778356,1.67911902027943,50.09837031015768,8.1,2.0,3,0.01,False,True,31.861177100284834,32,17.709159380834848,321.064,in_progress,0.0,0
99,52.0,7.252716257906963,1.7828653325255912,54.31172309674031,30.0,1.4,11,0.01,False,True,32.50338871510263,32,17.709159380834848,321.135,in_progress,0.0,0
99,53.0,7.309752956389264,1.8952982388108353,58.19839291056863,19.2,1.5,4,0.01,False,True,33.06962175015225,33,17.709159380834848,321.195,in_progress,0.0,0
99,54.0,7.350098433643709,1.985763619063533,61.12674211526647,30.0,1.4,11,0.01,False,True,33.52080953459431,34,17.709159380834848,321.263,in_progress,0.0,0
99,55.0,7.388922440683018,2.0936478518231674,64.92622979644713,14.4,2.0,10,0.01,False,True,33.95386565024263,34,17.709159380834848,321.338,in_progress,0.0,0
99,56.0,7.421564887886221,2.219760456995631,69.77343005064355,0.5,2.0,2,0.01,False,True,34.56673330109655,35,17.709159380834848,321.392,in_progress,0.0,0
99,57.0,7.4393815363773115,2.3058905500030034,72.56242952268917,0.5,2.0,2,0.01,False,True,34.736517228146425,35,17.709159380834848,321.466,in_progress,0.0,0
99,58.0,7.461650124828637,2.4319998295437086,75.91537904650595,-10.8,2.0,8,0.01,False,False,35.30674526328548,36,17.709159380834848,321.52,in_progress,0.0,0
99,59.0,7.485236164853752,2.5482903937975667,76.92609262128525,0.3,2.0,6,0.01,False,False,35.50352487228207,36,17.709159380834848,321.597,in_progress,0.0,0
99,60.0,7.514089894328329,2.681618663801675,77.40642591912291,0.3,2.0,6,0.01,False,False,35.90842643130922,36,17.709159380834848,321.664,in_progress,0.0,0
99,61.0,7.53368976020055,2.814540245917582,79.38719001101819,-5.7,1.7,7,0.01,True,False,36.34874667224571,37,17.709159380834848,321.733,off_track,0.0,0
